CRN,Course,*Campus,Days,Date,Time,Location,Hrs,Type,Title,Instructor,Seats,Limit,Enroll,Waitlist,Course Fees,Catalog
"31757","ACCT 2120-01","M","M W","01/16/2023-05/09/2023","1700-1815","CRAMER 120","3","CLAS","Principles of Accounting II","Suraj Ghimire","11","20","9","0","N/A","Bookstore Link",
"31230","AE 489-01D","DE","M W F","01/16/2023-05/09/2023","0800-0850","WEB-V","3","CLAS","Space Environment","David Westpfahl","11","25","14","0","$10","Bookstore Link",
"31231","AE 489-02","M","T R","01/16/2023-05/09/2023","1230-1345","CRAMER 107","3","CLAS","Advanced Fluid Mechanics","Sayavur Bakhtiyarov","12","15","3","0","$50","Bookstore Link",
"31232","AE 489-02D","DE","T R","01/16/2023-05/09/2023","1230-1345","WEB-V","3","CLAS","Advanced Fluid Mechanics","Sayavur Bakhtiyarov","14","15","1","0","$50","Bookstore Link",
"30301","AFAS 121-01","A","W","01/16/2023-05/09/2023","1400-1450",,"1","CLAS","The Foundation of the US AF",,"25","25","0","0","N/A","Bookstore Link",
"30302","AFAS 121L-01","A","W","01/16/2023-05/09/2023","1500-1650",,"1","CLAS","Leadership Laboratory",,"25","25","0","0","N/A","Bookstore Link",
"30362","AFAS 301-01","A","T R","01/16/2023-05/09/2023","1400-1515",,"3","CLAS","AF Leadership Studies",,"25","25","0","0","N/A","Bookstore Link",
"30364","AFAS 329-01","A","M W F","01/16/2023-05/09/2023","0700-0755",,"1","CLAS","Field Training Prep Phys. Fit",,"25","25","0","0","N/A","Bookstore Link",
"30365","AFAS 401-01","A","T R","01/16/2023-05/09/2023","0930-1045",,"3","CLAS","Natl Security Affairs AD Prep",,"25","25","0","0","N/A","Bookstore Link",
"30366","AFAS 401L-01","A","W","01/16/2023-05/09/2023","1500-1650",,"1","CLAS","Leadership Lab",,"25","25","0","0","N/A","Bookstore Link",
"31470","ARTH 2120-01","M","M W","01/16/2023-05/09/2023","1100-1215","JONESA 104","3","CLAS","History of Art II","Rebecca M. Spruill","1","20","19","0","$25","Bookstore Link",
"31465","BIOL 0289-01","M","T","01/16/2023-05/09/2023","1200-1345","JONESA 234","2","CLAS","SEAPHAGES Bioinformatics","Joel T. Sharbrough","3","8","5","0","$150","Bookstore Link",
,,,"F","01/16/2023-05/09/2023","1200-1250","JONESA 234",,"CLAS",,"Linda C. DeVeaux",,,,,,,
"30892","BIOL 2110-01","M","M W F","01/16/2023-05/09/2023","1100-1150","JONESA 102","3","CLAS","Prin of Bio: Cell & Molecular","Kaarin K. Goncz","4","22","18","0","$25","Bookstore Link",
"30893","BIOL 2110L-01","M","W","01/16/2023-05/09/2023","1400-1630","JONESA 224","1","CLAS","Prin of Bio: Cell & Molec Lab","Kaarin K. Goncz","2","16","14","0","$150","Bookstore Link",
"30895","BIOL 2610-01","M","M W F","01/16/2023-05/09/2023","1000-1050","JONESA 101","3","CLAS","Prin of Bio:Biodiv, Eco, & Evo","Marina C. Hein","23","50","27","0","$25","Bookstore Link",
,,,,,,,,,,"Linda C. DeVeaux",,,,,,,
"30897","BIOL 2610L-02","M","T","01/16/2023-05/09/2023","1400-1630","JONESA 202","1","CLAS","Prin of Bio:Biodiv,Eco&Evo Lab","Kaarin K. Goncz","1","17","16","0","$150","Bookstore Link",
"30898","BIOL 2610L-03","M","W","01/16/2023-05/09/2023","1400-1630","JONESA 202","1","CLAS","Prin of Bio:Biodiv,Eco&Evo Lab","Kaarin K. Goncz","9","16","7","0","$150","Bookstore Link",
"30572","BIOL 311-01","M","M W F","01/16/2023-05/09/2023","1000-1050","MSEC 195","3","CLAS","Genetics","Joel T. Sharbrough","1","32","31","0","$25","Bookstore Link",
"30573","BIOL 311L-01","M","W","01/16/2023-05/09/2023","1400-1630","JONESA 234","1","CLAS","Genetics Lab","Joel T. Sharbrough","4","16","12","0","$150","Bookstore Link",
"30574","BIOL 311L-02","M","R","01/16/2023-05/09/2023","1400-1630","JONESA 234","1","CLAS","Genetics Lab","Joel T. Sharbrough","0","16","16","0","$150","Bookstore Link",
"30222","BIOL 343-01","M","M W F","01/16/2023-05/09/2023","0900-0950","JONESA 101","3","CLAS","Environmental Microbiology","Thomas Kieft","2","23","21","0","$25","Bookstore Link",
"30223","BIOL 343L-01","M","W","01/16/2023-05/09/2023","1400-1630","JONESA 230","1","CLAS","Environmental Microbiology Lab","Thomas Kieft","2","16","14","0","$150","Bookstore Link",
"30340","BIOL 352-01","M","T R","01/16/2023-05/09/2023","1230-1345","SPEARE 19","3","CLAS","Anatomy and Physiology II","Stephen D. Wilkinson","7","20","13","0","$25","Bookstore Link",
"30890","BIOL 352L-01","M","F","01/16/2023-05/09/2023","1400-1630","JONESA 202","1","CLAS","Anatomy & Physiology II Lab","Kaarin K. Goncz","4","16","12","0","$150","Bookstore Link",
"31466","BIOL 411-01","M","T R","01/16/2023-05/09/2023","1100-1215","JONESA 102","3","CLAS","Advanced Genetics","Linda C. DeVeaux","13","16","3","0","$25","Bookstore Link",
"30389","BIOL 437-01","M","M W F","01/16/2023-05/09/2023","1100-1150","JONESA 101","3","CLAS","Infection and Immunity","Thomas Kieft","27","30","3","0","$25","Bookstore Link",
"31001","BIOL 443-01","M","T R","01/16/2023-05/09/2023","0930-1045","SPEARE 23","3","CLAS","Molecular Biology","Snezna Rogelj","4","12","8","0","$25","Bookstore Link",
"31002","BIOL 443L-01","M","R","01/16/2023-05/09/2023","1400-1630","JONESA 230","1","CLAS","Molecular Biology Lab","Snezna Rogelj","5","12","7","0","$150","Bookstore Link",
"30376","BIOL 471-01","M","W","01/16/2023-05/09/2023","1200-1250","JONESA 101","1","CLAS","Life Sci Seminar","Snezna Rogelj","20","30","10","0","$25","Bookstore Link",
"31280","BIOL 489-01","M","T R","01/16/2023-05/09/2023","1400-1515","CRAMER 101","3","CLAS","Neurology","Stewart Thompson","5","10","5","0","$15","Bookstore Link",
"30187","BIOL 500-01","M",,"01/16/2023-05/09/2023",,,"1","CLAS","Directed Research","Linda C. DeVeaux","10","10","0","0","N/A","Bookstore Link",
"30188","BIOL 500-02","M",,"01/16/2023-05/09/2023",,,"1","CLAS","Directed Research","Benjamin D. Duval","9","10","1","0","N/A","Bookstore Link",
"30189","BIOL 500-03","M",,"01/16/2023-05/09/2023",,,"1","CLAS","Directed Research","Thomas Kieft","10","10","0","0","N/A","Bookstore Link",
"30190","BIOL 500-04","M",,"01/16/2023-05/09/2023",,,"1","CLAS","Directed Research","Snezna Rogelj","10","10","0","0","N/A","Bookstore Link",
"30532","BIOL 500-05","M",,"01/16/2023-05/09/2023",,,"1","CLAS","Directed Research","Stewart Thompson","10","10","0","0","N/A","Bookstore Link",
"31281","BIOL 500-06","M",,"01/16/2023-05/09/2023",,,"1","CLAS","Directed Research","Joel T. Sharbrough","8","10","2","0","N/A","Bookstore Link",
"31035","BIOL 501-01","M","M","01/16/2023-05/09/2023","1200-1250","SPEARE 9","1","CLAS","Graduate Seminar","Snezna Rogelj","19","30","11","0","$25","Bookstore Link",
"31467","BIOL 511-01","M","T R","01/16/2023-05/09/2023","1100-1215","JONESA 102","3","CLAS","Advanced Genetics","Linda C. DeVeaux","0","12","12","0","$25","Bookstore Link",
"30212","BIOL 537-01","M","M W F","01/16/2023-05/09/2023","1100-1150","JONESA 101","3","CLAS","Infection and Immunity","Thomas Kieft","2","10","8","0","$25","Bookstore Link",
"31004","BIOL 543-01","M","T R","01/16/2023-05/09/2023","0930-1045","SPEARE 23","3","CLAS","Molecular Biology","Snezna Rogelj","0","6","6","0","$25","Bookstore Link",
"31598","BIOL 543L-01","M","R","01/16/2023-05/09/2023","1400-1630","JONESA 230","1","CLAS","Molecular Biology Lab","Snezna Rogelj","0","7","7","0","N/A","Bookstore Link",
"31817","BIOL 581-01","M",,"01/17/2023-05/09/2023",,,"1","CLAS","Microbial Eco & Multivar Stats","Daniel S. Jones","0","1","1","0","N/A","Bookstore Link",
"31283","BIOL 589-01","M","T","01/16/2023-05/09/2023","1400-1700","JONESA 104","3","CLAS","Metagenomic Analysis","Daniel S. Jones","1","10","9","0","$25","Bookstore Link",
"30001","BIOL 591-01","M",,"01/16/2023-05/09/2023",,,"1","CLAS","Thesis","Linda C. DeVeaux","9","10","1","0","$10","Bookstore Link",
"30002","BIOL 591-02","M",,"01/16/2023-05/09/2023",,,"1","CLAS","Thesis","Benjamin D. Duval","9","10","1","0","$10","Bookstore Link",
"30003","BIOL 591-03","M",,"01/16/2023-05/09/2023",,,"1","CLAS","Thesis","Thomas Kieft","9","10","1","0","$10","Bookstore Link",
"30004","BIOL 591-04","M",,"01/16/2023-05/09/2023",,,"1","CLAS","Thesis","Snezna Rogelj","10","10","0","0","$10","Bookstore Link",
"30561","BIOL 591-05","M",,"01/16/2023-05/09/2023",,,"1","CLAS","Thesis","Stewart Thompson","10","10","0","0","$10","Bookstore Link",
"31016","BIOL 591-06","M",,"01/16/2023-05/09/2023",,,"1","CLAS","Thesis","Joel T. Sharbrough","6","10","4","0","$10","Bookstore Link",
"31468","BIOL 591-07","M",,"01/16/2023-05/09/2023",,,"1","CLAS","Thesis","Daniel S. Jones","9","10","1","0","N/A","Bookstore Link",
"31273","BIOT 502-01","M","T R","01/16/2023-05/09/2023","0930-1045","SPEARE 23","3","CLAS","Molecular Biotechnology","Snezna Rogelj","5","10","5","0","N/A","Bookstore Link",
"31350","BIOT 589-01","M","T R","01/16/2023-05/09/2023","1230-1345","CRAMER 120","3","CLAS","Biomedical Materials","Nikolai Kalugin","19","20","1","0","$30","Bookstore Link",
"31622","BIOT 589-02","M","T R","01/16/2023-05/09/2023","1400-1515","CRAMER 101","3","CLAS","Neurology",,"20","20","0","0","N/A","Bookstore Link",
"31772","BIOT 595-01","M",,"01/16/2023-05/09/2023",,,"1","CLAS","Dissertation","Linda C. DeVeaux","9","10","1","0","N/A","Bookstore Link",
"31773","BIOT 595-02","M",,"01/16/2023-05/09/2023",,,"1","CLAS","Dissertation","Michaelann S. Tartis","10","10","0","0","N/A","Bookstore Link",
"30419","CH E 327-01","M","T R","01/16/2023-05/09/2023","0930-1045","CRAMER 127","3","CLAS","Principles Chem Eng II","Youngmin Lee","11","20","9","0","$35","Bookstore Link",
"30158","CH E 345L-01","M","M","01/16/2023-05/09/2023","1400-1650","JONES 201","1","CLAS","Chemical Engr. Design Lab","Michaelann S. Tartis","13","20","7","0","$100","Bookstore Link",
"30192","CH E 351-01","M","T R","01/16/2023-05/09/2023","1230-1345","LOPEZ 106","3","CLAS","Chemical Process Kinetics","Youngmin Lee","11","20","9","0","$35","Bookstore Link",
"30193","CH E 352-01","M","M W F","01/16/2023-05/09/2023","1300-1350","JONES 227","3","CLAS","Separation Process","Sanchari Chowdhury","9","20","11","0","$35","Bookstore Link",
"30249","CH E 408-01","M",,"01/16/2023-05/09/2023",,,"1","CLAS","Cooperative Education","Michaelann S. Tartis","10","10","0","0","N/A","Bookstore Link",
"31284","CH E 443-01","M","M W","01/16/2023-05/09/2023","1000-1050","JONES 227","2","CLAS","Process Dynamics & Control","Sanchari Chowdhury","1","22","21","0","$35","Bookstore Link",
"31285","CH E 443L-01","M","M","01/16/2023-05/09/2023","1430-1700","MSEC 195","1","CLAS","Process Dynamics & Control Lab","Sanchari Chowdhury","1","22","21","0","$75","Bookstore Link",
"30159","CH E 462-01","M","T R","01/16/2023-05/09/2023","1230-1345","JONES 227","3","CLAS","Plant Design, Econ, & Mgmt II","Corey A. Leclerc","1","22","21","0","$75","Bookstore Link",
"31555","CH E 472-01","M","T R","01/16/2023-05/09/2023","1530-1645","JONES 227","3","CLAS","Advanced Transport Phenomena","Pabitra Choudhury","19","22","3","0","$35","Bookstore Link",
"31818","CH E 491-01","M",,"01/17/2023-05/09/2023",,,"1","CLAS","Assist develop new safety crse","Seth T. Price","0","1","1","0","N/A","Bookstore Link",
"31345","CH E 563-01","M","T R","01/16/2023-05/09/2023","1100-1215","JONES 227","3","CLAS","Design and Analysis of Experim","Donghyeon Ryu","1","18","17","0","N/A","Bookstore Link",
"31714","CH E 563-01D","DE","T R","01/16/2023-05/09/2023","1100-1215",,"3","CLAS","Design and Analysis of Experim","Donghyeon Ryu","10","10","0","0","N/A","Bookstore Link",
"31556","CH E 572-01","M","T R","01/16/2023-05/09/2023","1530-1645","JONES 227","3","CLAS","Interfacial Transport Phenomen","Pabitra Choudhury","8","22","14","0","$35","Bookstore Link",
"31557","CH E 572-01D","M","T R","01/16/2023-05/09/2023","1530-1645",,"3","CLAS","Interfacial Transport Phenomen","Pabitra Choudhury","2","5","3","0","N/A","Bookstore Link",
"31405","CH E 591-01","M",,"01/16/2023-05/09/2023",,,"1","CLAS","Thesis","Sanchari Chowdhury","7","10","3","0","N/A","Bookstore Link",
"31454","CH E 591-02","M",,"01/16/2023-05/09/2023",,,"1","CLAS","Thesis","Pabitra Choudhury","8","10","2","0","N/A","Bookstore Link",
"31455","CH E 591-03","M",,"01/16/2023-05/09/2023",,,"1","CLAS","Thesis","Corey A. Leclerc","8","10","2","0","N/A","Bookstore Link",
"31007","CH E 591-04","M",,"01/16/2023-05/09/2023",,,"1","CLAS","Thesis","Youngmin Lee","9","10","1","0","N/A","Bookstore Link",
"31009","CH E 591-05","M",,"01/16/2023-05/09/2023",,,"1","CLAS","Thesis","Michaelann S. Tartis","7","10","3","0","N/A","Bookstore Link",
"31010","CH E 595-01","M",,"01/16/2023-05/09/2023",,,"1","CLAS","Dissertation","Pabitra Choudhury","10","10","0","0","N/A","Bookstore Link",
"31011","CH E 595-02","M",,"01/16/2023-05/09/2023",,,"1","CLAS","Dissertation","Sanchari Chowdhury","10","10","0","0","N/A","Bookstore Link",
"31012","CH E 595-03","M",,"01/16/2023-05/09/2023",,,"1","CLAS","Dissertation","Corey A. Leclerc","10","10","0","0","N/A","Bookstore Link",
"31013","CH E 595-04","M",,"01/16/2023-05/09/2023",,,"1","CLAS","Dissertation","Youngmin Lee","9","10","1","0","N/A","Bookstore Link",
"31015","CH E 595-05","M",,"01/16/2023-05/09/2023",,,"1","CLAS","Dissertation","Michaelann S. Tartis","10","10","0","0","N/A","Bookstore Link",
"31518","CHEM 0189-01","M","R","01/16/2023-05/09/2023","1700-1750","LOPEZ 106","1","CLAS","Advanced Supplemental Instruct","Jeff A. Altig","5","24","19","0","N/A","Bookstore Link",
"30801","CHEM 1215-01","M","M W F","01/16/2023-05/09/2023","1100-1150","LOPEZ 106","3","CLAS","General Chemistry I","Ujith S. Madduma Bandarage","0","72","72","0","N/A","Bookstore Link",
"30811","CHEM 1215L-01","M","T","01/16/2023-05/09/2023","1400-1630","LOPEZ 135","1","CLAS","General Chemistry I Lab","Jeff A. Altig","1","24","23","0","$150","Bookstore Link",
,,,,,,,,,,"Yagama Nipuni A. De Silva",,,,,,,
"30906","CHEM 1215L-02","M","W","01/16/2023-05/09/2023","1400-1630","LOPEZ 135","1","CLAS","General Chemistry I Lab","Jeff A. Altig","2","24","22","0","$150","Bookstore Link",
,,,,,,,,,,"Yagama Nipuni A. De Silva",,,,,,,
"31290","CHEM 1215L-03","M","R","01/16/2023-05/09/2023","1400-1630","LOPEZ 135","1","CLAS","General Chemistry I Lab","Jeff A. Altig","10","24","14","0","$150","Bookstore Link",
,,,,,,,,,,"Ruthie J. Mulvaney",,,,,,,
"30909","CHEM 1225-01","M","M W F","01/16/2023-05/09/2023","0900-0950","LOPEZ 106","3","CLAS","General Chemistry II","Ujith S. Madduma Bandarage","8","66","58","0","N/A","Bookstore Link",
"30910","CHEM 1225-02","M","M W F","01/16/2023-05/09/2023","1000-1050","LOPEZ 106","3","CLAS","General Chemistry II","Menake E. Piyasena","0","66","66","0","N/A","Bookstore Link",
"31291","CHEM 1225-03","M","M W F","01/16/2023-05/09/2023","1300-1350","LOPEZ 106","3","CLAS","General Chemistry II","Menake E. Piyasena","12","66","54","0","N/A","Bookstore Link",
"31517","CHEM 1225-04","M","MTW","01/16/2023-05/09/2023","1700-1750","LOPEZ 106","3","CLAS","General Chemistry II(Advanced)","Jeff A. Altig","5","24","19","0","N/A","Bookstore Link",
"30952","CHEM 1225L-01","M","M","01/16/2023-05/09/2023","1400-1630","LOPEZ 134","1","CLAS","General Chemistry II Lab","Jeff A. Altig","0","24","24","0","$150","Bookstore Link",
,,,,,,,,,,"Abigail R. Bonzon",,,,,,,
"30953","CHEM 1225L-02","M","M","01/16/2023-05/09/2023","1830-2100","LOPEZ 134","1","CLAS","General Chemistry II Lab","Jeff A. Altig","8","24","16","0","$150","Bookstore Link",
,,,,,,,,,,"Jordyn Wemhoner",,,,,,,
"30954","CHEM 1225L-03","M","T","01/16/2023-05/09/2023","1400-1630","LOPEZ 134","1","CLAS","General Chemistry II Lab","Jeff A. Altig","0","24","24","0","$150","Bookstore Link",
,,,,,,,,,,"Malsha Indeewari Kanaththage",,,,,,,
"30955","CHEM 1225L-04","M","T","01/16/2023-05/09/2023","1830-2100","LOPEZ 134","1","CLAS","General Chemistry II Lab","Jeff A. Altig","3","24","21","0","$150","Bookstore Link",
,,,,,,,,,,"Timothy J. Bonzon",,,,,,,
"30956","CHEM 1225L-05","M","W","01/16/2023-05/09/2023","1400-1630","LOPEZ 134","1","CLAS","General Chemistry II Lab","Jeff A. Altig","0","24","24","0","$150","Bookstore Link",
,,,,,,,,,,"Shimaa Z. Mehanna",,,,,,,
"30957","CHEM 1225L-06","M","R","01/16/2023-05/09/2023","1400-1630","LOPEZ 134","1","CLAS","General Chemistry II Lab","Jeff A. Altig","0","24","24","0","$150","Bookstore Link",
,,,,,,,,,,"Md Shahriar Hasan",,,,,,,
"30958","CHEM 1225L-07","M","F","01/16/2023-05/09/2023","1400-1630","LOPEZ 134","1","CLAS","General Chemistry II Lab","Jeff A. Altig","2","24","22","0","$150","Bookstore Link",
,,,,,,,,,,"Isabella R. Martinez Pruet",,,,,,,
"31424","CHEM 1225L-08","M","W","01/16/2023-05/09/2023","1830-2100","LOPEZ 134","1","CLAS","General Chemistry II Lab","Jeff A. Altig","6","24","18","0","$150","Bookstore Link",
,,,,,,,,,,"Jason K. Leboeuf",,,,,,,
"31436","CHEM 1225L-09","M","R","01/16/2023-05/09/2023","1830-2100","LOPEZ 134","1","CLAS","General Chemistry II Lab","Jeff A. Altig","11","24","13","0","$150","Bookstore Link",
,,,,,,,,,,"Shimaa Z. Mehanna",,,,,,,
"31415","CHEM 300-01","M",,"01/16/2023-05/09/2023",,,"1","CLAS","Directed Research","Gayan R. Rubasinghege","5","5","0","0","N/A","Bookstore Link",
"31428","CHEM 300-02","M",,"01/16/2023-05/09/2023",,,"1","CLAS","Directed Research","Sally C. Pias","5","5","0","0","N/A","Bookstore Link",
"31451","CHEM 300-03","M",,"01/16/2023-05/09/2023",,,"1","CLAS","Directed Research","Menake E. Piyasena","5","5","0","0","N/A","Bookstore Link",
"31452","CHEM 300-04","M",,"01/16/2023-05/09/2023",,,"1","CLAS","Directed Research","Praveen Patidar","4","5","1","0","N/A","Bookstore Link",
"31453","CHEM 300-05","M",,"01/16/2023-05/09/2023",,,"1","CLAS","Directed Research","Wenyang Gao","4","5","1","0","N/A","Bookstore Link",
"31519","CHEM 300-06","M",,"01/16/2023-05/09/2023",,,"1","CLAS","Directed Research","Nicolas E. Holubowitch","5","5","0","0","N/A","Bookstore Link",
"30913","CHEM 301-01","M","W","01/16/2023-05/09/2023","1700-1750","LOPEZ 216","1","CLAS","The Chemistry Toolbox","Sally C. Pias","4","10","6","0","N/A","Bookstore Link",
"30533","CHEM 332-01","M","M W F","01/16/2023-05/09/2023","1200-1250","LOPEZ 106","3","CLAS","Physical Chemistry II","Nicolas E. Holubowitch","6","20","14","0","N/A","Bookstore Link",
"30915","CHEM 332L-01","M","W","01/16/2023-05/09/2023","1400-1630","LOPEZ 127","1","CLAS","Physical Chemistry II Lab","Jeff A. Altig","2","8","6","0","$150","Bookstore Link",
,,,,,,,,,,"Nathan Conner",,,,,,,
"30925","CHEM 334-01","M","M W F","01/16/2023-05/09/2023","1300-1350","MSEC 195","3","CLAS","Organic Chemistry II","Ujith S. Madduma Bandarage","9","40","31","0","N/A","Bookstore Link",
"30926","CHEM 334L-01","M","T","01/16/2023-05/09/2023","1400-1630","LOPEZ 125","1","CLAS","Organic Chemistry II Lab","Jeff A. Altig","1","12","11","0","$150","Bookstore Link",
,,,,,,,,,,"Lumala Nelum Perera Naullage",,,,,,,
"30927","CHEM 334L-02","M","W","01/16/2023-05/09/2023","1400-1630","LOPEZ 125","1","CLAS","Organic Chemistry II Lab","Jeff A. Altig","8","12","4","0","$150","Bookstore Link",
,,,,,,,,,,"Fillipp Edvard L. Salvador",,,,,,,
"30928","CHEM 334L-03","M","M","01/16/2023-05/09/2023","1400-1630","LOPEZ 125","1","CLAS","Organic Chemistry II Lab","Jeff A. Altig","6","12","6","0","$150","Bookstore Link",
,,,,,,,,,,"Lumala Nelum Perera Naullage",,,,,,,
"31296","CHEM 343L-01","M","R","01/16/2023-05/09/2023","1400-1630","LOPEZ 127","1","CLAS","Descriptive Inorganic Chem Lab","Jeff A. Altig","7","12","5","0","$150","Bookstore Link",
,,,,,,,,,,"Dhanika C. Senavirathna",,,,,,,
"30635","CHEM 430-01","M","F","01/16/2023-05/09/2023","1400-1450","LOPEZ 106","1","CLAS","Chem and Biochem Seminar","Ujith S. Madduma Bandarage","9","10","1","0","N/A","Bookstore Link",
"30931","CHEM 442-01","M","T R","01/16/2023-05/09/2023","1100-1215","LOPEZ 106","3","CLAS","Biochemistry II","Sally C. Pias","8","20","12","0","N/A","Bookstore Link",
"30932","CHEM 442L-01","M","M","01/16/2023-05/09/2023","1400-1630","LOPEZ 127","1","CLAS","Biochemistry II Lab","Praveen Patidar","1","8","7","0","$150","Bookstore Link",
,,,"M","01/16/2023-05/09/2023",,,,"CLAS",,"Rana Biswas",,,,,,,
"31524","CHEM 489-02","M","M W F","01/16/2023-05/09/2023","1300-1350","MSEC 105","3","CLAS","Intro to Polymeric Materials","John McCoy","2","10","8","0","N/A","Bookstore Link",
"30936","CHEM 494-01","M",,"01/16/2023-05/09/2023",,,"2","CLAS","Senior Research & Thesis II","Praveen Patidar","2","5","3","0","$150","Bookstore Link",
,,,,,,,,,,"Sally C. Pias",,,,,,,
"30937","CHEM 494-02","M",,"01/16/2023-05/09/2023",,,"2","CLAS","Senior Research & Thesis II","Wenyang Gao","4","5","1","0","$150","Bookstore Link",
,,,,,,,,,,"Sally C. Pias",,,,,,,
"30938","CHEM 494-03","M",,"01/16/2023-05/09/2023",,,"2","CLAS","Senior Research & Thesis II","Gayan R. Rubasinghege","3","5","2","0","$150","Bookstore Link",
,,,,,,,,,,"Sally C. Pias",,,,,,,
"31742","CHEM 494-04","M",,"01/16/2023-05/09/2023",,,"2","CLAS","Senior Research & Thesis II","Jeff A. Altig","9","10","1","0","N/A","Bookstore Link",
,,,,,,,,,,"Sally C. Pias",,,,,,,
"30939","CHEM 500-01","M",,"01/16/2023-05/09/2023",,,"1","CLAS","Directed Research","Jeff A. Altig","10","10","0","0","N/A","Bookstore Link",
"30940","CHEM 500-02","M",,"01/16/2023-05/09/2023",,,"1","CLAS","Directed Research","Praveen Patidar","7","10","3","0","N/A","Bookstore Link",
"30941","CHEM 500-03","M",,"01/16/2023-05/09/2023",,,"1","CLAS","Directed Research","Sally C. Pias","9","10","1","0","N/A","Bookstore Link",
"30942","CHEM 500-04","M",,"01/16/2023-05/09/2023",,,"1","CLAS","Directed Research","Menake E. Piyasena","8","10","2","0","N/A","Bookstore Link",
"30943","CHEM 500-05","M",,"01/16/2023-05/09/2023",,,"1","CLAS","Directed Research","Gayan R. Rubasinghege","8","10","2","0","N/A","Bookstore Link",
"30944","CHEM 500-06","M",,"01/16/2023-05/09/2023",,,"1","CLAS","Directed Research","Wenyang Gao","9","10","1","0","N/A","Bookstore Link",
"31525","CHEM 500-07","M",,"01/16/2023-05/09/2023",,,"1","CLAS","Directed Research","Nicolas E. Holubowitch","8","10","2","0","N/A","Bookstore Link",
"31532","CHEM 528-01","M","M W","01/16/2023-05/09/2023","1100-1215","JONES 227","3","CLAS","Surface Chem Heterog Processes","Gayan R. Rubasinghege","1","18","17","0","N/A","Bookstore Link",
"30945","CHEM 530-01","M","F","01/16/2023-05/09/2023","1400-1515","LOPEZ 106","1","CLAS","Graduate Seminar","Ujith S. Madduma Bandarage","15","30","15","0","N/A","Bookstore Link",
"31741","CHEM 561-01","M","T R","01/16/2023-05/09/2023","1230-1345","SPEARE 117","3","CLAS","Biomolecular Structure & Funct","Praveen Patidar","1","12","11","0","N/A","Bookstore Link",
"30947","CHEM 591-01","M",,"01/16/2023-05/09/2023",,,"1","CLAS","Thesis","Jeff A. Altig","10","10","0","0","N/A","Bookstore Link",
"31531","CHEM 591-02","M",,"01/16/2023-05/09/2023",,,"1","CLAS","Thesis","Nicolas E. Holubowitch","10","10","0","0","N/A","Bookstore Link",
"30948","CHEM 591-06","M",,"01/16/2023-05/09/2023",,,"1","CLAS","Thesis","Wenyang Gao","9","10","1","0","N/A","Bookstore Link",
"30385","CHEM 591-07","M",,"01/16/2023-05/09/2023",,,"1","CLAS","Thesis","Gayan R. Rubasinghege","10","10","0","0","N/A","Bookstore Link",
"31386","CHEM 591-08","M",,"01/16/2023-05/09/2023",,,"1","CLAS","Thesis","Menake E. Piyasena","10","10","0","0","N/A","Bookstore Link",
"30949","CHEM 595-08","M",,"01/16/2023-05/09/2023",,,"1","CLAS","Dissertation","Wenyang Gao","10","10","0","0","N/A","Bookstore Link",
"31414","CHEM 595-09","M",,"01/16/2023-05/09/2023",,,"1","CLAS","Dissertation","Gayan R. Rubasinghege","9","10","1","0","N/A","Bookstore Link",
"31791","CHEM 595-10","M",,"01/17/2023-05/09/2023",,,"1","CLAS","Dissertation","Sally C. Pias","4","5","1","0","N/A","Bookstore Link",
"31421","CHEM 595-11","M",,"01/16/2023-05/09/2023",,,"1","CLAS","Dissertation","Menake E. Piyasena","9","10","1","0","N/A","Bookstore Link",
"30354","CE 301-01","M","T R","01/16/2023-05/09/2023","1230-1345","JONESA 106","3","CLAS","Intro to Construction Engr","Claudia Mara D. Wilson","2","25","23","0","$25","Bookstore Link",
"31071","CE 401-01","M","T R","01/16/2023-05/09/2023","1100-1215","JONESA 106","3","CLAS","Finite Element Analysis","Isabel M. Morris","3","15","12","0","$15","Bookstore Link",
"30597","CE 406-01","M","M W F","01/16/2023-05/09/2023","1000-1050","CRAMER 239","3","CLAS","Design of Steel Structures","Wesley J. Cook","16","25","9","0","$40","Bookstore Link",
"31542","CE 411-01","M","M W F","01/16/2023-05/09/2023","1100-1150","JONESA 106","3","CLAS","Minimum Design Loads","Wesley J. Cook","17","25","8","0","$40","Bookstore Link",
"30251","CE 423-01","M","M W F","01/16/2023-05/09/2023","1300-1350","JONESA 106","3","CLAS","Open Channel Hydraulics","Clinton P. Richardson","14","25","11","0","$15","Bookstore Link",
"31310","CE 482-01","M","W","01/16/2023-05/09/2023","1400-1700","JONESA 102","2","CLAS","Steel Bridge","Claudia Mara D. Wilson","1","4","3","0","$75","Bookstore Link",
"31311","CE 482-02","M","W","01/16/2023-05/09/2023","1400-1700","JONESA 102","2","CLAS","Concrete Canoe","Claudia Mara D. Wilson","1","8","7","0","$75","Bookstore Link",
"31312","CE 491-01","M","T R","01/16/2023-05/09/2023","1400-1515","JONESA 106","3","CLAS","Special Topics Surveying & Geo","Isabel M. Morris","11","25","14","0","$40","Bookstore Link",
"31439","CE 491-02","M","T R","01/16/2023-05/09/2023","0930-1045","JONESA 106","3","CLAS","Special Topics Green Building","Christian M. Carrico","1","5","4","0","$15","Bookstore Link",
"30557","ENVE 301-01","M","M W F","01/16/2023-05/09/2023","1000-1050","JONESA 106","3","CLAS","Applied Principles of Env Eng","Clinton P. Richardson","19","25","6","0","$15","Bookstore Link",
"31551","ENVE 302-01","M","T R","01/16/2023-05/09/2023","1230-1345","JONESA 102","2","CLAS","Environmental Law & Regs","Christian M. Carrico","19","25","6","0","$15","Bookstore Link",
"30275","ENVE 304-01","M","M W F","01/16/2023-05/09/2023","1100-1150","JONES 106","3","CLAS","Wastewater Treatment Process D","Moustapha J. Harb","12","15","3","0","$15","Bookstore Link",
"30681","ENVE 490-01","M",,"01/16/2023-05/09/2023",,,"1","CLAS","Senior Design Thesis I","Clinton P. Richardson","0","3","3","0","N/A","Bookstore Link",
"30682","ENVE 490-02","M",,"01/16/2023-05/09/2023",,,"1","CLAS","Senior Design Thesis I","Christian M. Carrico","1","2","1","0","N/A","Bookstore Link",
"31553","ENVE 490-03","M",,"01/16/2023-05/09/2023",,,"1","CLAS","Senior Design Thesis I","Moustapha J. Harb","2","2","0","0","N/A","Bookstore Link",
"31062","ENVE 492-01","M",,"01/16/2023-05/09/2023",,,"2","CLAS","Senior Design Thesis II","Clinton P. Richardson","3","3","0","0","N/A","Bookstore Link",
"31308","ENVE 492-02","M",,"01/16/2023-05/09/2023",,,"2","CLAS","Senior Design Thesis II","Christian M. Carrico","2","2","0","0","N/A","Bookstore Link",
"31554","ENVE 492-03","M",,"01/16/2023-05/09/2023",,,"2","CLAS","Senior Design Thesis II","Moustapha J. Harb","2","2","0","0","N/A","Bookstore Link",
"31314","CEE 501-01","M","T R","01/16/2023-05/09/2023","1100-1215","MSEC 105","3","CLAS","Finite Elements","Isabel M. Morris","25","25","0","0","$15","Bookstore Link",
"31367","CEE 501-02","M","T R","01/16/2023-05/09/2023","0930-1045","MSEC 105","3","CLAS","Finite Element","Isabel M. Morris","5","5","0","0","N/A","Bookstore Link",
"30902","CEE 506-01","M","M W F","01/16/2023-05/09/2023","1000-1050","CRAMER 239","3","CLAS","Design of Steel Structures","Wesley J. Cook","24","25","1","0","$40","Bookstore Link",
"30691","CEE 523-01","M","M W F","01/16/2023-05/09/2023","1300-1350","JONESA 106","3","CLAS","Open Channel Hydraulics","Clinton P. Richardson","5","5","0","0","$25","Bookstore Link",
"31547","CEE 571-01","M","T R","01/16/2023-05/09/2023","0930-1045","JONESA 106","3","CLAS","Special Topics Green Building","Christian M. Carrico","1","5","4","0","N/A","Bookstore Link",
"31544","CEE 571-02","M","M W F","01/16/2023-05/09/2023","1400-1450","JONESA 106","3","CLAS","Bioproc for Rsrce Rcvry Wstwtr","Moustapha J. Harb","1","5","4","0","$15","Bookstore Link",
"31784","CEE 590-01","M",,"01/16/2023-05/09/2023",,,"1","CLAS","Independent Study","Claudia Mara D. Wilson","9","10","1","0","N/A","Bookstore Link",
"30693","CEE 591-01","M",,"01/16/2023-05/09/2023",,,"1","CLAS","Thesis","Clinton P. Richardson","0","2","2","0","N/A","Bookstore Link",
"30694","CEE 591-02","M",,"01/16/2023-05/09/2023",,,"1","CLAS","Thesis","Christian M. Carrico","0","2","2","0","N/A","Bookstore Link",
"31548","CEE 591-04","M",,"01/16/2023-05/09/2023",,,"3","CLAS","Thesis","Wesley J. Cook","2","2","0","0","N/A","Bookstore Link",
"31549","CEE 591-05","M",,"01/16/2023-05/09/2023",,,"3","CLAS","Thesis","Isabel M. Morris","2","2","0","0","N/A","Bookstore Link",
"31550","CEE 591-06","M",,"01/16/2023-05/09/2023",,,"1","CLAS","Thesis","Moustapha J. Harb","1","2","1","0","N/A","Bookstore Link",
"31438","CEE 591-07","M",,"01/16/2023-05/09/2023",,,"3","CLAS","Thesis","Isabel M. Morris","1","1","0","0","N/A","Bookstore Link",
"31783","CEE 591-08","M",,"01/16/2023-05/09/2023",,,"1","CLAS","Thesis","Claudia Mara D. Wilson","9","10","1","0","N/A","Bookstore Link",
"31727","COMM 580-01","M","MTWRF","01/09/2023-01/13/2023","0900-1600","LIBR","1","CLAS","Thesis&Dissertation Boot Camp","Hayley N. McCullough","2","20","18","0","N/A","Bookstore Link",
"31657","CSE 0189-01","M","M W F","01/16/2023-05/09/2023","0900-0950","CRAMER 124","3","CLAS","Adventures in Python Prgm","Amy E. Knowles","17","30","13","0","$75","Bookstore Link",
"30911","CSE 101-01","M","M W","01/16/2023-05/09/2023","1200-1250","CRAMER 203","2","CLAS","Intro Comp Sci & Info Tech","Sanaa Mahmoud Mohmmed Algaraibeh","37","46","9","0","N/A","Bookstore Link",
"30912","CSE 101L-01","M","F","01/16/2023-05/09/2023","1200-1250","CRAMER 203","0","CLAS","Intro Comp Sci & Info Tech Lab","Sanaa Mahmoud Mohmmed Algaraibeh","37","46","9","0","$50","Bookstore Link",
"30414","CSE 107-01","M","M W F","01/16/2023-05/09/2023","1300-1350","CRAMER 107","4","CLAS","Intro to Programming Python","John H. Goettsche","5","40","35","0","N/A","Bookstore Link",
"30416","CSE 107L-01","M","M W F","01/16/2023-05/09/2023","1400-1450","CRAMER 107","0","CLAS","Intro Programming Python Lab","John H. Goettsche","0","35","35","0","$75","Bookstore Link",
"30318","CSE 113-01","M","M W F","01/16/2023-05/09/2023","1400-1450","CRAMER 203","4","CLAS","Intro to Programming","Amy E. Knowles","5","35","30","0","N/A","Bookstore Link",
,,,,,,,,,,"Sanaa Mahmoud Mohmmed Algaraibeh",,,,,,,
"30319","CSE 113L-01","M","M W F","01/16/2023-05/09/2023","1500-1550","CRAMER 203","0","CLAS","Intro to Programming Lab","Amy E. Knowles","5","35","30","0","$75","Bookstore Link",
,,,,,,,,,,"Sanaa Mahmoud Mohmmed Algaraibeh",,,,,,,
"31596","CSE 117-01","M","M W F","01/16/2023-05/09/2023","1200-1250",,"3","CLAS","Data Structures in Python","Amy E. Knowles","26","30","4","0","$75","Bookstore Link",
"30282","CSE 122-01","M","M W F","01/16/2023-05/09/2023","1100-1150","CRAMER 120","3","CLAS","Algorithms & Data Structures","John H. Goettsche","10","40","30","0","$75","Bookstore Link",
"31654","CSE 207-01","M","T R","01/16/2023-05/09/2023","1530-1645","CRAMER 124","3","CLAS","Python for Data Science","Sanaa Mahmoud Mohmmed Algaraibeh","18","30","12","0","$75","Bookstore Link",
"30352","CSE 213-01","M","T R","01/16/2023-05/09/2023","1100-1215","CRAMER 203","3","CLAS","Obj Oriented Programming","Sanaa Mahmoud Mohmmed Algaraibeh","6","40","34","0","$75","Bookstore Link",
"30283","CSE 222-01","M","T R","01/16/2023-05/09/2023","1400-1515","CRAMER 203","3","CLAS","Systems Programming","John H. Goettsche","2","45","43","0","$75","Bookstore Link",
"30576","CSE 289-01","M","F","01/16/2023-05/09/2023","1200-1250","CRAMER 120","0","CLAS","System Administration Mtg","Clinton L. Jeffery","7","10","3","0","N/A","Bookstore Link",
"30284","CSE 324-01","M","T R","01/16/2023-05/09/2023","1230-1345","CRAMER 239","3","CLAS","Princ of Programming Language","Hamdy Soliman","8","40","32","0","$30","Bookstore Link",
"30287","CSE 326-01","M","M W F","01/16/2023-05/09/2023","1000-1050","CRAMER 124","3","CLAS","Software Engineering","Dongwan Shin","12","40","28","0","$75","Bookstore Link",
"30534","CSE 331-01","M","T R","01/16/2023-05/09/2023","1400-1515","CRAMER 120","3","CLAS","Computer Architecture","Jun Zheng","8","40","32","0","$30","Bookstore Link",
"30289","CSE 342-01","M","T R","01/16/2023-05/09/2023","0800-0915","CRAMER 203","3","CLAS","Formal Languages & Automata","No Given Name Ramyaa","15","40","25","0","$30","Bookstore Link",
"30930","CSE 363-01","M","M W F","01/16/2023-05/09/2023","1400-1450","CRAMER 124","3","CLAS","Computer Security","Dongwan Shin","14","40","26","0","$30","Bookstore Link",
"30413","CSE 373-01","M","T R","01/16/2023-05/09/2023","1100-1215","CRAMER 124","3","CLAS","Intro to Database Systems","Subhasish Mazumdar","19","40","21","0","$30","Bookstore Link",
"30772","CSE 382-01","M","M W F","01/16/2023-05/09/2023","1100-1150","CRAMER 124","3","CLAS","Ethical/Social Issues Comp/IT","Christopher J. ChoGlueck","0","18","18","0","N/A","Bookstore Link",
"30774","CSE 382-02","M","M W F","01/16/2023-05/09/2023","1300-1350","CRAMER 120","3","CLAS","Ethical/Social Issues Comp/IT","Christopher J. ChoGlueck","1","18","17","0","N/A","Bookstore Link",
"30578","CSE 391-01","M","W","01/16/2023-05/09/2023","1700-1750","CRAMER 239","1","CLAS","Cybersecurity Prof Develop S23","Dongwan Shin","9","20","11","0","$10","Bookstore Link",
"30579","CSE 423-01","M","M W F","01/16/2023-05/09/2023","1500-1550","CRAMER 107","4","CLAS","Compiler Writing","Clinton L. Jeffery","25","56","31","0","N/A","Bookstore Link",
"30933","CSE 423-01D","DE","M W F","01/16/2023-05/09/2023","1500-1550","WEB-V","4","CLAS","Compiler Writing","Clinton L. Jeffery","6","10","4","0","N/A","Bookstore Link",
"30580","CSE 423L-01","M","W","01/16/2023-05/09/2023","1600-1650","CRAMER 107","0","CLAS","Compiler Writing Lab","Clinton L. Jeffery","25","56","31","0","$75","Bookstore Link",
"31200","CSE 423L-01D","DE","W","01/16/2023-05/09/2023","1600-1650","WEB-V","0","CLAS","Compiler Writing Lab","Clinton L. Jeffery","6","10","4","0","$75","Bookstore Link",
"31662","CSE 452-01","M","M","01/16/2023-05/09/2023","1600-1830","CRAMER 239","4","CLAS","Introduction Sensor Networks","Hamdy Soliman","19","20","1","0","$30","Bookstore Link",
"31660","CSE 452L-01","M","W","01/16/2023-05/09/2023","1700-1750","CRAMER 107","0","CLAS","Sensor Networks Lab","Hamdy Soliman","19","20","1","0","N/A","Bookstore Link",
"30297","CSE 489-01","M","T R","01/16/2023-05/09/2023","1530-1645","CRAMER 120","3","CLAS","Advanced Operating Systems","Jun Zheng","16","20","4","0","$30","Bookstore Link",
"31754","CSE 489-02D","DE","R","01/16/2023-05/09/2023","1530-1800","WEB-V","3","CLAS","Frml Sec Policy Model & Method","Lyndon G. Pierson","10","10","0","0","$30","Bookstore Link",
"31746","CSE 491-01","M",,"01/16/2023-05/09/2023",,,"1","CLAS","Directed Study Prof Dev","Lorie M. Liebrock","5","10","5","0","N/A","Bookstore Link",
"31204","CSE 493-01","M",,"01/16/2023-05/09/2023",,,"1","CLAS","Undergraduate Thesis","Lorie M. Liebrock","0","0","0","0","N/A","Bookstore Link",
"31205","CSE 493-02","M",,"01/16/2023-05/09/2023",,,"1","CLAS","Undergraduate Thesis","Subhasish Mazumdar","0","0","0","0","N/A","Bookstore Link",
"31206","CSE 493-03","M",,"01/16/2023-05/09/2023",,,"1","CLAS","Undergraduate Thesis","No Given Name Ramyaa","1","1","0","0","N/A","Bookstore Link",
"31207","CSE 493-04","M",,"01/16/2023-05/09/2023",,,"1","CLAS","Undergraduate Thesis","Dongwan Shin","0","0","0","0","N/A","Bookstore Link",
"31208","CSE 493-05","M",,"01/16/2023-05/09/2023",,,"1","CLAS","Undergraduate Thesis","Hamdy Soliman","0","0","0","0","N/A","Bookstore Link",
"31209","CSE 493-06","M",,"01/16/2023-05/09/2023",,,"1","CLAS","Undergraduate Thesis","Jun Zheng","0","0","0","0","N/A","Bookstore Link",
"31210","CSE 493-07","M",,"01/16/2023-05/09/2023",,,"1","CLAS","Undergraduate Thesis","Clinton L. Jeffery","0","0","0","0","N/A","Bookstore Link",
"31801","CSE 494-01","M",,"01/17/2023-05/09/2023",,,"2","CLAS","Undergraduate Thesis","Lorie M. Liebrock","0","1","1","0","N/A","Bookstore Link",
"31808","CSE 494-02","M",,"01/17/2023-05/09/2023",,,"2","CLAS","Undergraduate Thesis","No Given Name Ramyaa","3","5","2","0","N/A","Bookstore Link",
"30322","CSE 500-01","M",,"01/16/2023-05/09/2023",,,"1","CLAS","Directed Research","Lorie M. Liebrock","9","10","1","0","N/A","Bookstore Link",
"30323","CSE 500-02","M",,"01/16/2023-05/09/2023",,,"1","CLAS","Directed Research","Subhasish Mazumdar","9","10","1","0","N/A","Bookstore Link",
"30324","CSE 500-03","M",,"01/16/2023-05/09/2023",,,"1","CLAS","Directed Research","No Given Name Ramyaa","10","10","0","0","N/A","Bookstore Link",
"30325","CSE 500-04","M",,"01/16/2023-05/09/2023",,,"1","CLAS","Directed Research","Dongwan Shin","8","10","2","0","N/A","Bookstore Link",
"30326","CSE 500-05","M",,"01/16/2023-05/09/2023",,,"1","CLAS","Directed Research","Hamdy Soliman","10","10","0","0","N/A","Bookstore Link",
"30403","CSE 500-06","M",,"01/16/2023-05/09/2023",,,"1","CLAS","Directed Research","Jun Zheng","10","10","0","0","N/A","Bookstore Link",
"30934","CSE 500-07","M",,"01/16/2023-05/09/2023",,,"1","CLAS","Directed Research","Clinton L. Jeffery","9","10","1","0","N/A","Bookstore Link",
"31649","CSE 525-01D","DE","T R","01/16/2023-05/09/2023","1530-1645","WEB-V","3","CLAS","Advanced Operating Systems","Jun Zheng","9","10","1","0","$30","Bookstore Link",
"31774","CSE 525-02","M","T R","01/16/2023-05/09/2023","1530-1645","CRAMER 120","3","CLAS","Adv. Operating Systems","Jun Zheng","10","20","10","0","N/A","Bookstore Link",
"31650","CSE 546-01","M","T R","01/16/2023-05/09/2023","1400-1515","SPEARE 20","3","CLAS","Theory of Computation","No Given Name Ramyaa","5","19","14","0","$30","Bookstore Link",
"31651","CSE 546-01D","DE","T R","01/16/2023-05/09/2023","1400-1515","WEB-V","3","CLAS","Theory of Computation","No Given Name Ramyaa","13","15","2","0","$30","Bookstore Link",
"31747","CSE 554-01D","DE","W","01/16/2023-05/09/2023","1800-2100","WEB-V","3","CLAS","Computer Network Security","Sean C. Salinas","3","8","5","0","N/A","Bookstore Link",
"30695","CSE 581-01","M",,"01/16/2023-05/09/2023",,,"1","CLAS","Directed Study","Lorie M. Liebrock","10","10","0","0","N/A","Bookstore Link",
"30696","CSE 581-02","M",,"01/16/2023-05/09/2023",,,"1","CLAS","Directed Study","Subhasish Mazumdar","10","10","0","0","N/A","Bookstore Link",
"30697","CSE 581-03","M",,"01/16/2023-05/09/2023",,,"1","CLAS","Directed Study","No Given Name Ramyaa","10","10","0","0","N/A","Bookstore Link",
"30698","CSE 581-04","M",,"01/16/2023-05/09/2023",,,"1","CLAS","Directed Study","Dongwan Shin","8","10","2","0","N/A","Bookstore Link",
"30637","CSE 581-05","M",,"01/16/2023-05/09/2023",,,"1","CLAS","Directed Study","Hamdy Soliman","9","10","1","0","N/A","Bookstore Link",
"31026","CSE 581-06","M",,"01/16/2023-05/09/2023",,,"1","CLAS","Directed Study","Jun Zheng","9","10","1","0","N/A","Bookstore Link",
"30715","CSE 581-07","M",,"01/16/2023-05/09/2023",,,"1","CLAS","Directed Study","Clinton L. Jeffery","9","10","1","0","N/A","Bookstore Link",
"31213","CSE 589-01","M","M","01/16/2023-05/09/2023","1600-1830","CRAMER 239","3","CLAS","Advanced Sensor Ntwk App","Hamdy Soliman","12","15","3","0","$30","Bookstore Link",
"31755","CSE 589-02D","DE","R","01/16/2023-05/09/2023","1530-1800","WEB-V","3","CLAS","Frml Sec Policy Model & Method","Lyndon G. Pierson","4","10","6","0","$30","Bookstore Link",
"30298","CSE 590-01","M",,"01/16/2023-05/09/2023",,,"1","CLAS","Independent Study","Lorie M. Liebrock","7","10","3","0","N/A","Bookstore Link",
"30299","CSE 590-02","M",,"01/16/2023-05/09/2023",,,"1","CLAS","Independent Study","Subhasish Mazumdar","10","10","0","0","N/A","Bookstore Link",
"30285","CSE 590-03","M",,"01/16/2023-05/09/2023",,,"1","CLAS","Independent Study","No Given Name Ramyaa","10","10","0","0","N/A","Bookstore Link",
"30286","CSE 590-04","M",,"01/16/2023-05/09/2023",,,"1","CLAS","Independent Study","Dongwan Shin","10","10","0","0","N/A","Bookstore Link",
"30373","CSE 590-05","M",,"01/16/2023-05/09/2023",,,"1","CLAS","Independent Study","Hamdy Soliman","7","10","3","0","N/A","Bookstore Link",
"30426","CSE 590-06","M",,"01/16/2023-05/09/2023",,,"1","CLAS","Independent Study","Jun Zheng","10","10","0","0","N/A","Bookstore Link",
"30968","CSE 590-07","M",,"01/16/2023-05/09/2023",,,"1","CLAS","Independent Study","Clinton L. Jeffery","10","10","0","0","N/A","Bookstore Link",
"30288","CSE 591-01","M",,"01/16/2023-05/09/2023",,,"1","CLAS","Thesis","Lorie M. Liebrock","9","10","1","0","N/A","Bookstore Link",
"30290","CSE 591-02","M",,"01/16/2023-05/09/2023",,,"1","CLAS","Thesis","Subhasish Mazumdar","10","10","0","0","N/A","Bookstore Link",
"30291","CSE 591-03","M",,"01/16/2023-05/09/2023",,,"1","CLAS","Thesis","No Given Name Ramyaa","7","10","3","0","N/A","Bookstore Link",
"30292","CSE 591-04","M",,"01/16/2023-05/09/2023",,,"1","CLAS","Thesis","Dongwan Shin","8","10","2","0","N/A","Bookstore Link",
"30375","CSE 591-05","M",,"01/16/2023-05/09/2023",,,"1","CLAS","Thesis","Hamdy Soliman","9","10","1","0","N/A","Bookstore Link",
"30427","CSE 591-06","M",,"01/16/2023-05/09/2023",,,"1","CLAS","Thesis","Jun Zheng","8","10","2","0","N/A","Bookstore Link",
"30969","CSE 591-07","M",,"01/16/2023-05/09/2023",,,"1","CLAS","Thesis","Clinton L. Jeffery","10","10","0","0","N/A","Bookstore Link",
"30293","CSE 595-01","M",,"01/16/2023-05/09/2023",,,"1","CLAS","Dissertation","Lorie M. Liebrock","18","18","0","0","N/A","Bookstore Link",
"30294","CSE 595-02","M",,"01/16/2023-05/09/2023",,,"1","CLAS","Dissertation","Subhasish Mazumdar","10","10","0","0","N/A","Bookstore Link",
"30295","CSE 595-03","M",,"01/16/2023-05/09/2023",,,"1","CLAS","Dissertation","No Given Name Ramyaa","10","10","0","0","N/A","Bookstore Link",
"30296","CSE 595-04","M",,"01/16/2023-05/09/2023",,,"1","CLAS","Dissertation","Dongwan Shin","10","10","0","0","N/A","Bookstore Link",
"30374","CSE 595-05","M",,"01/16/2023-05/09/2023",,,"1","CLAS","Dissertation","Hamdy Soliman","10","10","0","0","N/A","Bookstore Link",
"30428","CSE 595-06","M",,"01/16/2023-05/09/2023",,,"1","CLAS","Dissertation","Jun Zheng","6","10","4","0","N/A","Bookstore Link",
"30970","CSE 595-07","M",,"01/16/2023-05/09/2023",,,"1","CLAS","Dissertation","Clinton L. Jeffery","10","10","0","0","N/A","Bookstore Link",
"31193","CYBS 500-01","M",,"01/16/2023-05/09/2023",,,"1","CLAS","Directed Research","Lorie M. Liebrock","9","10","1","0","N/A","Bookstore Link",
"31580","CYBS 500-02","M",,"01/16/2023-05/09/2023",,,"1","CLAS","Directed Research","Dongwan Shin","10","10","0","0","N/A","Bookstore Link",
"31185","CYBS 503-01D","DE","R","01/16/2023-05/09/2023","1800-2100","WEB-V","3","CLAS","Cybersecurity Policy","Thomas M. Harper","13","20","7","0","$30","Bookstore Link",
"31187","CYBS 504-01D","DE","T","01/16/2023-05/09/2023","1800-2100","WEB-V","3","CLAS","Psychology of Cybersecurity","Lorie M. Liebrock","10","15","5","0","$30","Bookstore Link",
"31190","CYBS 554-01D","DE","W","01/16/2023-05/09/2023","1800-2100","WEB-V","3","CLAS","Computer Network Security","Sean C. Salinas","11","15","4","0","$30","Bookstore Link",
"31194","CYBS 581-01","M",,"01/16/2023-05/09/2023",,,"1","CLAS","Directed Study","Lorie M. Liebrock","10","10","0","0","N/A","Bookstore Link",
"31575","CYBS 581-02","M",,"01/16/2023-05/09/2023",,,"1","CLAS","Directed Study","Dongwan Shin","9","10","1","0","N/A","Bookstore Link",
"31739","CYBS 589-01D","DE","R","01/16/2023-05/09/2023","1530-1800","WEB-V","3","CLAS","Frml Sec Policy Model & Method","Lyndon G. Pierson","9","10","1","0","N/A","Bookstore Link",
"31195","CYBS 590-01","M",,"01/16/2023-05/09/2023",,,"1","CLAS","Independent Study","Lorie M. Liebrock","9","10","1","0","N/A","Bookstore Link",
"31576","CYBS 590-02","M",,"01/16/2023-05/09/2023",,,"1","CLAS","Independent Study","Dongwan Shin","10","10","0","0","N/A","Bookstore Link",
"31196","CYBS 591-01","M",,"01/16/2023-05/09/2023",,,"1","CLAS","Thesis","Lorie M. Liebrock","10","10","0","0","N/A","Bookstore Link",
"31578","CYBS 591-02","M",,"01/16/2023-05/09/2023",,,"1","CLAS","Thesis","Dongwan Shin","9","10","1","0","N/A","Bookstore Link",
"31197","CYBS 595-01","M",,"01/16/2023-05/09/2023",,,"1","CLAS","Dissertation","Lorie M. Liebrock","10","10","0","0","N/A","Bookstore Link",
"31579","CYBS 595-02","M",,"01/16/2023-05/09/2023",,,"1","CLAS","Dissertation","Dongwan Shin","10","10","0","0","N/A","Bookstore Link",
"31728","ECON 2110-01D","DE","T R","01/16/2023-05/09/2023","1700-1815",,"3","CLAS","Macroeconomic Principles","Suraj Ghimire","0","40","40","0","N/A","Bookstore Link",
"31463","ECON 289-01","M","T R","01/16/2023-05/09/2023","1230-1345","MSEC 105","3","CLAS","Internet Econ and E-Comm","Haoying Wang","14","20","6","0","$25","Bookstore Link",
"31761","ECON 489-01","M","R","01/16/2023-05/09/2023","1700-2000","CRAMER 203","3","CLAS","Managerial Economics","Jiakai Zhang","8","10","2","0","N/A","Bookstore Link",
"31471","EDUC 0189-01","M","F","01/16/2023-05/09/2023","1400-1600","CRAMER 239","2","CLAS","Mentoring and Leadership II","Theresa Apodaca","13","20","7","0","N/A","Bookstore Link",
"31812","EDUC 0189-03","M","F","01/17/2023-05/09/2023","1400-1600","CRAMER 239","0","CLAS","Mentoring and Leadership II","Theresa Apodaca","3","5","2","0","N/A","Bookstore Link",
"31811","EDUC 189-02","M","F","01/17/2023-05/09/2023","1400-1600","CRAMER 239","1","CLAS","Mentoring and Leadership II","Theresa Apodaca","5","5","0","0","N/A","Bookstore Link",
"30593","EDUC 341-01","M","M W","01/16/2023-05/09/2023","1700-1815","CRAMER 203","3","CLAS","Match Teach Strat to Stu Learn","Theresa Apodaca","2","20","18","0","$40","Bookstore Link",
"31778","EDUC 341-01D","DE","M W","01/16/2023-05/09/2023","1700-1815","CRAMER 203","3","CLAS","Match Teach Strat to Stu Learn","Theresa Apodaca","5","10","5","0","$40","Bookstore Link",
"31172","EDUC 342-01","M","M W","01/16/2023-05/09/2023","1700-1815","CRAMER 203","3","CLAS","Match Teach Strat to Stu Learn","Theresa Apodaca","8","10","2","0","$40","Bookstore Link",
"31779","EDUC 342-01D","DE","M W","01/16/2023-05/09/2023","1700-1815","CRAMER 203","3","CLAS","Match Teach Strat to Stu Learn","Theresa Apodaca","10","10","0","0","$40","Bookstore Link",
"31174","EDUC 403-01","M","T R","01/16/2023-05/09/2023","1700-1815","CRAMER 120","3","CLAS","Methods & Practices Teaching","Theresa Apodaca","0","5","5","0","$40","Bookstore Link",
"31724","EDUC 403-01D","DE","T R","01/16/2023-05/09/2023","1700-1815","WEB-V","3","CLAS","Methods & Practices Teaching","Theresa Apodaca","17","20","3","0","N/A","Bookstore Link",
"31176","EDUC 404-01","M","T R","01/16/2023-05/09/2023","1700-1815","CRAMER 120","3","CLAS","Mthds & Pract Student Teaching","Theresa Apodaca","5","5","0","0","$40","Bookstore Link",
"31177","EDUC 404-01D","DE","T R","01/16/2023-05/09/2023","1700-1815","WEB-V","3","CLAS","Method & Practices of Teaching","Theresa Apodaca","10","10","0","0","$40","Bookstore Link",
"30763","EDUC 413-01","M",,"01/16/2023-05/09/2023",,"TBA","9","CLAS","Student Teaching (Secondary)","Theresa Apodaca","4","6","2","0","N/A","Bookstore Link",
"30764","EDUC 414-01","M",,"01/16/2023-05/09/2023",,"TBA","3","CLAS","Student Teaching Seminar","Theresa Apodaca","4","6","2","0","N/A","Bookstore Link",
"31178","EDUC 503-01","M","T R","01/16/2023-05/09/2023","1700-1815","CRAMER 120","3","CLAS","Methods & Practices Teaching","Theresa Apodaca","3","5","2","0","$40","Bookstore Link",
"31725","EDUC 503-01D","DE","T R","01/16/2023-05/09/2023","1700-1815","WEB-V","3","CLAS","Methods & Practices Teaching","Theresa Apodaca","18","20","2","0","N/A","Bookstore Link",
"31180","EDUC 504-01","M","T R","01/16/2023-05/09/2023","1700-1815","CRAMER 120","3","CLAS","Methods & Practices Teaching","Theresa Apodaca","5","5","0","0","$40","Bookstore Link",
"31726","EDUC 504-01D","DE","M W","01/16/2023-05/09/2023","1700-1815","WEB-V","3","CLAS","Methods & Practices Teaching","Theresa Apodaca","20","20","0","0","N/A","Bookstore Link",
"31005","EDUC 511-01","M",,"01/16/2023-05/09/2023",,,"3","CLAS","Supervised Field Exp(Secdry)","Theresa Apodaca","1","2","1","0","N/A","Bookstore Link",
"31006","EDUC 512-01","M",,"01/16/2023-05/09/2023",,,"3","CLAS","Supervised Field Exp (Elem)","Theresa Apodaca","1","2","1","0","N/A","Bookstore Link",
"30660","EE 161-01","M","W","01/16/2023-05/09/2023","1400-1650","WORKC 189","1","CLAS","Basic Electronics Laboratory I","Chris Pauli","2","16","14","0","$100","Bookstore Link",
"30661","EE 161-02","M","R","01/16/2023-05/09/2023","1400-1650","WORKC 189","1","CLAS","Basic Electronics Laboratory I","Chris Pauli","0","16","16","0","$100","Bookstore Link",
"30674","EE 212-01","M","M W F","01/16/2023-05/09/2023","0900-0950","WORKC 109","3","CLAS","Circuits & Signals II","Krishna Roy","11","30","19","0","$10","Bookstore Link",
"30883","EE 252-01","M","M W F","01/16/2023-05/09/2023","1000-1050","WEIR 102","3","CLAS","Digital Electronics","Rene Arechiga","11","30","19","0","$10","Bookstore Link",
"30667","EE 332-01","M","M W F","01/16/2023-05/09/2023","1100-1150","WORKC 113","3","CLAS","Electricity and Magnetism","Anders M. Jorgensen","8","30","22","0","$10","Bookstore Link",
"30668","EE 362-01","M","F","01/16/2023-05/09/2023","1400-1650","WORKC 116","1","CLAS","Mixed Electronics Lab II","Sihua Shao","7","30","23","0","$100","Bookstore Link",
"30666","EE 372-01","M","T R","01/16/2023-05/09/2023","1100-1215","WORKC 113","3","CLAS","Modeling and Simulation","Scott Teare","7","30","23","0","$10","Bookstore Link",
"30884","EE 472-01","M","M W F","01/16/2023-05/09/2023","1000-1050","SPEARE 117","4","CLAS","Digital Signal Processing","Sihua Shao","1","25","24","0","$10","Bookstore Link",
"30885","EE 472L-01","M","M","01/16/2023-05/09/2023","1400-1650","WORKC 187","0","CLAS","Digital Signal Processing Lab","Sihua Shao","1","12","11","0","$100","Bookstore Link",
"30886","EE 472L-02","M","W","01/16/2023-05/09/2023","1400-1650","WORKC 187","0","CLAS","Digital Signal Processing Lab","Sihua Shao","0","13","13","0","$100","Bookstore Link",
"30664","EE 482-01","M","M W","01/16/2023-05/09/2023","1200-1250","WORKC 113","3","CLAS","Capstone Design II","Kevin Wedeward","14","30","16","0","$10","Bookstore Link",
"30160","EE 482L-01","M",,"01/16/2023-05/09/2023",,"WORKC 183","0","CLAS","Capstone Design II","Kevin Wedeward","14","30","16","0","$125","Bookstore Link",
"31369","EE 521-01","M","M W F","01/16/2023-05/09/2023","1300-1350","WORKC 117","4","CLAS","Measurement & Instrumentation","Anders M. Jorgensen","24","30","6","0","N/A","Bookstore Link",
"31564","EE 565-01","M","T R","01/16/2023-05/09/2023","1100-1215","WORKC 117","4","CLAS","Position, Navigation,Timing","Aly I. El-Osery","19","30","11","0","$45","Bookstore Link",
,,,,,,,,,,"Kevin Wedeward",,,,,,,
"31799","EE 590-01","M",,"01/17/2023-05/09/2023",,,"12","CLAS","Independent Study","Sihua Shao","4","5","1","0","N/A","Bookstore Link",
"30210","EE 591-01","M",,"01/16/2023-05/09/2023",,,"1","CLAS","Thesis","Rene Arechiga","4","5","1","0","N/A","Bookstore Link",
"30211","EE 591-02","M",,"01/16/2023-05/09/2023",,,"1","CLAS","Thesis","Aly I. El-Osery","1","5","4","0","N/A","Bookstore Link",
"30250","EE 591-03","M",,"01/16/2023-05/09/2023",,,"1","CLAS","Thesis","Anders M. Jorgensen","5","5","0","0","N/A","Bookstore Link",
"30257","EE 591-04","M",,"01/16/2023-05/09/2023",,,"1","CLAS","Thesis","Seda Senay","5","5","0","0","N/A","Bookstore Link",
"30258","EE 591-05","M",,"01/16/2023-05/09/2023",,,"1","CLAS","Thesis","Scott Teare","4","5","1","0","N/A","Bookstore Link",
"30382","EE 591-06","M",,"01/16/2023-05/09/2023",,,"1","CLAS","Thesis","Kevin Wedeward","2","5","3","0","N/A","Bookstore Link",
"30973","EE 591-07","M",,"01/16/2023-05/09/2023",,,"1","CLAS","Thesis","Sihua Shao","5","5","0","0","N/A","Bookstore Link",
"31565","EE 591-08","M",,"01/16/2023-05/09/2023",,,"1","CLAS","Thesis","Krishna Roy","5","5","0","0","N/A","Bookstore Link",
"30546","EE 595-01","M",,"01/16/2023-05/09/2023",,,"1","CLAS","Dissertation","Rene Arechiga","10","10","0","0","N/A","Bookstore Link",
"30547","EE 595-02","M",,"01/16/2023-05/09/2023",,,"1","CLAS","Dissertation","Aly I. El-Osery","10","10","0","0","N/A","Bookstore Link",
"30548","EE 595-03","M",,"01/16/2023-05/09/2023",,,"1","CLAS","Dissertation","Anders M. Jorgensen","10","10","0","0","N/A","Bookstore Link",
"30549","EE 595-04","M",,"01/16/2023-05/09/2023",,,"1","CLAS","Dissertation","Seda Senay","10","10","0","0","N/A","Bookstore Link",
"30550","EE 595-05","M",,"01/16/2023-05/09/2023",,,"1","CLAS","Dissertation","Scott Teare","9","10","1","0","N/A","Bookstore Link",
"30551","EE 595-06","M",,"01/16/2023-05/09/2023",,,"1","CLAS","Dissertation","Kevin Wedeward","9","10","1","0","N/A","Bookstore Link",
"30974","EE 595-07","M",,"01/16/2023-05/09/2023",,,"1","CLAS","Dissertation","Sihua Shao","4","5","1","0","N/A","Bookstore Link",
"31566","EE 595-08","M",,"01/16/2023-05/09/2023",,,"1","CLAS","Dissertation","Krishna Roy","5","5","0","0","N/A","Bookstore Link",
"31225","EMGT 508-01D","DE","R","01/16/2023-05/09/2023","1700-2000","WEB-V","3","CLAS","Engineering Project Management","Heidi A. Hahn","1","10","9","0","$25","Bookstore Link",
"31638","EMGT 509-01D","DE","T","01/16/2023-05/09/2023","1700-2000","WEB-V","3","CLAS","Systems Risk & Decision Analy","Haoying Wang","3","10","7","0","$25","Bookstore Link",
"31639","EMGT 513-01D","DE","M","01/16/2023-05/09/2023","1700-2000","WEB-V","3","CLAS","Technology Leadership","Franklin Reinow","11","15","4","0","$25","Bookstore Link",
"31640","EMGT 589-01D","DE","W","01/16/2023-05/09/2023","1700-2000","WEB-V","3","CLAS","Supply Chain Management","Jiakai Zhang","10","15","5","0","N/A","Bookstore Link",
"31641","EMGT 589-02D","DE","R","01/16/2023-05/09/2023","1700-2000","WEB-V","3","CLAS","Managerial Economics","Jiakai Zhang","13","15","2","0","N/A","Bookstore Link",
"30220","EMGT 590-01","M",,"01/16/2023-05/09/2023",,,"1","CLAS","Final Project","Franklin Reinow","10","10","0","0","N/A","Bookstore Link",
"30221","EMGT 590-02","M",,"01/16/2023-05/09/2023",,,"1","CLAS","Final Project","Jiakai Zhang","10","10","0","0","N/A","Bookstore Link",
"30384","EMGT 590-03","M",,"01/16/2023-05/09/2023",,,"1","CLAS","Final Project","Haoying Wang","7","10","3","0","N/A","Bookstore Link",
"30161","ES 111-01","M","T R","01/16/2023-05/09/2023","1230-1345","MSEC 101","3","CLAS","Computer Programming for Engrs","William K. Oxford","0","24","24","0","$25","Bookstore Link",
"30162","ES 111L-01","M","T","01/16/2023-05/09/2023","1400-1650","CRAMER 127","0","CLAS","Computer Programming Lab","William K. Oxford","0","24","24","0","N/A","Bookstore Link",
"31063","ES 201-01","M","T R","01/16/2023-05/09/2023","1230-1345","MSEC 103","3","CLAS","Statics","Mostafa Hassanalian","0","31","31","0","$25","Bookstore Link",
"30194","ES 201-02","M","M W F","01/16/2023-05/09/2023","1000-1050","CRAMER 203","3","CLAS","Statics","Hollis J. Dinwiddie","19","30","11","0","$25","Bookstore Link",
"30009","ES 216-01","M","T R","01/16/2023-05/09/2023","1400-1515","MSEC 101","3","CLAS","Engineering Fluid Mechanics","Her Yuan Chen","1","31","30","0","$25","Bookstore Link",
"30342","ES 216-02","M","M W F","01/16/2023-05/09/2023","1100-1150","MSEC 195","3","CLAS","Engineering Fluid Mechanics","Tie Wei","3","30","27","0","$25","Bookstore Link",
"30164","ES 302-01","M","T R","01/16/2023-05/09/2023","0930-1045","SPEARE 116","3","CLAS","Mechanics of Materials","William K. Oxford","3","30","27","0","$25","Bookstore Link",
"30367","ES 302-02","M","M W F","01/16/2023-05/09/2023","1100-1150","WEIR 102","3","CLAS","Mechanics of Materials","William K. Oxford","1","32","31","0","$25","Bookstore Link",
"30015","ES 303-01","M","T R","01/16/2023-05/09/2023","0930-1045","WEIR 102","3","CLAS","Engineering Dynamics","Sayavur Bakhtiyarov","11","35","24","0","$25","Bookstore Link",
"31792","ES 303-02","M","M W F","01/17/2023-05/09/2023","1300-1350","CRAMER 239","3","CLAS","Engineering Dynamics","William K. Oxford","16","25","9","0","$25","Bookstore Link",
"30018","ES 316-01","M","T R","01/16/2023-05/09/2023","0930-1045","LOPEZ 106","3","CLAS","Engineering Economics","Hollis J. Dinwiddie","4","65","61","1","$25","Bookstore Link",
"30154","ES 332-01","M","M W F","01/16/2023-05/09/2023","1100-1150","MSEC 103","3","CLAS","Electrical Engineering","Krishna Roy","0","58","58","0","$25","Bookstore Link",
"30020","ES 347-01","M","T R","01/16/2023-05/09/2023","1230-1345","JONESA 101","3","CLAS","Thermodynamics","Pabitra Choudhury","7","40","33","0","$25","Bookstore Link",
"30021","ES 350-01","M","M W F","01/16/2023-05/09/2023","1000-1050","MSEC 101","3","CLAS","Heat & Mass Transfer","Tie Wei","0","55","55","0","$25","Bookstore Link",
"30542","ES 405L-01","M","T","01/16/2023-05/09/2023","1400-1555","JONES 276","1","CLAS","Inst, Meas, & Proc Control Lab","Seth T. Price","7","12","5","0","$35","Bookstore Link",
"30752","ENGL 1110-01","M","T R","01/16/2023-05/09/2023","0930-1045","CRAMER 107","3","CLAS","Composition I","Rachel L. Cruz","0","22","22","0","$25","Bookstore Link",
"31472","ENGL 1110-02","M","T R","01/16/2023-05/09/2023","1100-1215","CRAMER 107","3","CLAS","Composition I","Rachel L. Cruz","4","18","14","0","$25","Bookstore Link",
"30753","ENGL 1120-01","M","M W F","01/16/2023-05/09/2023","1400-1450","SPEARE 116","3","CLAS","Composition II","William T. Clattenburg","0","20","20","0","$25","Bookstore Link",
"30754","ENGL 1120-02","M","T R","01/16/2023-05/09/2023","1400-1515","CRAMER 107","3","CLAS","Composition II","Rachel L. Cruz","0","22","22","1","$25","Bookstore Link",
"30755","ENGL 1120-03","M","T R","01/16/2023-05/09/2023","1530-1645","CRAMER 107","3","CLAS","Composition II","Rachel L. Cruz","1","21","20","1","$25","Bookstore Link",
"30756","ENGL 1120-04","M","M W F","01/16/2023-05/09/2023","1000-1050","SPEARE 116","3","CLAS","Composition II","James R. Olson","0","20","20","0","$25","Bookstore Link",
"30757","ENGL 1120-05","M","M W F","01/16/2023-05/09/2023","1100-1150","SPEARE 116","3","CLAS","Composition II","James R. Olson","0","20","20","0","$25","Bookstore Link",
"30758","ENGL 1120-06","M","M W F","01/16/2023-05/09/2023","0900-0950","SPEARE 116","3","CLAS","Composition II","William T. Clattenburg","0","20","20","0","$25","Bookstore Link",
"30759","ENGL 1120-07","M","M W F","01/16/2023-05/09/2023","1200-1250","SPEARE 116","3","CLAS","Composition II","William T. Clattenburg","-1","20","21","0","$25","Bookstore Link",
"30760","ENGL 1120-08","M","M W F","01/16/2023-05/09/2023","1300-1350","SPEARE 116","3","CLAS","Composition II","James R. Olson","0","20","20","0","$25","Bookstore Link",
"31479","ENGL 1120-09","M","T R","01/16/2023-05/09/2023","1230-1345","SPEARE 116","3","CLAS","Composition II","Karl R. Rowe","3","20","17","0","$25","Bookstore Link",
"30005","ENGL 341-01","M","T R","01/16/2023-05/09/2023","0930-1045","SPEARE 19","3","CLAS","Technical Writing","Marina Choy","0","21","21","0","$25","Bookstore Link",
"30006","ENGL 341-02","M","T R","01/16/2023-05/09/2023","1100-1215","SPEARE 19","3","CLAS","Technical Writing","Marina Choy","0","20","20","0","$25","Bookstore Link",
"30007","ENGL 341-03","M","T R","01/16/2023-05/09/2023","1400-1515","SPEARE 117","3","CLAS","Technical Writing","Marina Choy","8","20","12","0","$25","Bookstore Link",
"30312","ENGL 341-04","M","T R","01/16/2023-05/09/2023","0800-0915","CRAMER 127","3","CLAS","Technical Writing","Elisabeth A. Kramer-Simpson","2","20","18","0","$25","Bookstore Link",
"30424","ENGL 341-05","M","M W F","01/16/2023-05/09/2023","1400-1450","WEIR 132","3","CLAS","Technical Writing","James R. Olson","9","20","11","0","$25","Bookstore Link",
"31786","ENVS 412-01","M","T R","01/16/2023-05/09/2023","1100-1215","SPEARE 23","3","CLAS","Geographic Information Systems","Phillip L. Miller","6","10","4","0","N/A","Bookstore Link",
"31787","ENVS 412L-01","M","F","01/16/2023-05/09/2023","1400-1700","CRAMER 127","0","CLAS","Geographic Information Lab","Phillip L. Miller","6","10","4","0","N/A","Bookstore Link",
"31481","EXPL 447-01D","DE","F","01/16/2023-05/09/2023","1100-1330","WEB-V","3","CLAS","Theory of Propellent & Pyrotec","William W. Anderson","16","20","4","0","$50","Bookstore Link",
"31480","EXPL 447-1","M","F","01/16/2023-05/09/2023","1100-1330","WEIR 132","3","CLAS","Theory of Propellent & Pyrotec","William W. Anderson","10","20","10","0","$50","Bookstore Link",
"31235","EXPL 449-01","M","T R","01/16/2023-05/09/2023","0930-1045","CRAMER 124","3","CLAS","Wave Propagation","Seok Bin Lim","14","15","1","0","$50","Bookstore Link",
"31236","EXPL 449-01D","DE","T R","01/16/2023-05/09/2023","0930-1045","WEB-V","3","CLAS","Wave Propagation","Seok Bin Lim","14","15","1","0","$50","Bookstore Link",
"31562","FDMA 0289-01","M","T R","01/16/2023-05/09/2023","1400-1645","SPEARE 23","3","CLAS","Mobile Application Design","Rebecca M. Spruill","2","20","18","0","$45","Bookstore Link",
"31558","FDMA 0289-02","M","T R","01/16/2023-05/09/2023","1700-1840","SPEARE 23","3","CLAS","Sculpture & Identity","Maria G. Garcia Guillen","5","20","15","0","$60","Bookstore Link",
"30622","GEOB 500-01","M",,"01/16/2023-05/09/2023",,,"1","CLAS","Directed Study","Daniel S. Jones","10","10","0","0","N/A","Bookstore Link",
"31689","GEOB 589-01","M","T","01/16/2023-05/09/2023","1400-1700","JONESA 104","3","CLAS","Metagenomic Analysis","Daniel S. Jones","0","5","5","0","N/A","Bookstore Link",
"30742","GEOB 592-01","M","F","01/16/2023-05/09/2023","1300-1350","MSEC 103","1","CLAS","Graduate Seminar","John Naliboff","48","50","2","0","N/A","Bookstore Link",
"30624","GEOB 593-01","M","F","01/16/2023-05/09/2023","1200-1250","MSEC 195","1","CLAS","Seminar","Mark Person","48","50","2","0","N/A","Bookstore Link",
,,,,,,,,,,"Shari A. Kelley",,,,,,,
"30623","GEOB 595-01","M",,"01/16/2023-05/09/2023",,,"1","CLAS","Dissertation","Daniel S. Jones","8","10","2","0","N/A","Bookstore Link",
"30013","GEOC 500-01","M",,"01/16/2023-05/09/2023",,,"1","CLAS","Directed Research","Nelia Dunbar","10","10","0","0","N/A","Bookstore Link",
"30014","GEOC 500-02","M",,"01/16/2023-05/09/2023",,,"1","CLAS","Directed Research","Bonnie Frey","10","10","0","0","N/A","Bookstore Link",
"30016","GEOC 500-03","M",,"01/16/2023-05/09/2023",,,"1","CLAS","Directed Research","Alexander Gysi","8","10","2","0","N/A","Bookstore Link",
"30430","GEOC 500-05","M",,"01/16/2023-05/09/2023",,,"1","CLAS","Directed Research","Matthew T. Heizler","10","10","0","0","N/A","Bookstore Link",
"30433","GEOC 500-06","M",,"01/16/2023-05/09/2023",,,"1","CLAS","Directed Research","Nicole C. Hurtig","9","10","1","0","N/A","Bookstore Link",
"30530","GEOC 500-08","M",,"01/16/2023-05/09/2023",,,"1","CLAS","Directed Research","Shari A. Kelley","10","10","0","0","N/A","Bookstore Link",
"30609","GEOC 500-09","M",,"01/16/2023-05/09/2023",,,"1","CLAS","Directed Research","Philip Kyle","10","10","0","0","N/A","Bookstore Link",
"30615","GEOC 500-10","M",,"01/16/2023-05/09/2023",,,"1","CLAS","Directed Research","William C. McIntosh","10","10","0","0","N/A","Bookstore Link",
"30963","GEOC 500-11","M",,"01/16/2023-05/09/2023",,,"1","CLAS","Directed Research","Laura E. Waters","8","10","2","0","N/A","Bookstore Link",
"30964","GEOC 500-12","M",,"01/16/2023-05/09/2023",,,"1","CLAS","Directed Research","Matthew Zimmerer","10","10","0","0","N/A","Bookstore Link",
"31748","GEOC 500-13","M",,"01/16/2023-05/09/2023",,,"1","CLAS","Directed Research","Nels A. Iverson","9","10","1","0","N/A","Bookstore Link",
"31749","GEOC 575-02","M","W","01/16/2023-05/09/2023","0900-0950","BUREAU 253","2","CLAS","Electron Microprobe Analysis","Nels A. Iverson","0","8","8","0","N/A","Bookstore Link",
"30971","GEOC 589-01","M","W","01/16/2023-05/09/2023","1100-1350","MSEC 253","3","CLAS","Lithogeochemistry","Alexander Gysi","12","15","3","0","N/A","Bookstore Link",
"30972","GEOC 589-02","M","M","01/16/2023-05/09/2023","1000-1250",,"3","CLAS","Crustal Fluids","Nicole C. Hurtig","15","15","0","0","N/A","Bookstore Link",
"30975","GEOC 589-03","M","T","01/16/2023-05/09/2023","1630-1900","BUREAU 253","3","CLAS","Geology & Econ of Ind. Mineral","Virginia T. McLemore","17","20","3","0","N/A","Bookstore Link",
"31763","GEOC 589-04","M",,"01/16/2023-05/09/2023",,"BUREAU 128","2","CLAS","Prac Aspcts Argon Geochronolog","Matthew T. Heizler","8","10","2","0","$25","Bookstore Link",
"31796","GEOC 589-04D","DE",,"01/17/2023-05/09/2023",,"WEB-V","2","CLAS","Prac Aspcts Argon Geochronolog","Matthew T. Heizler","5","5","0","0","$25","Bookstore Link",
"30996","GEOC 591-01","M",,"01/16/2023-05/09/2023",,,"1","CLAS","Thesis","Laura E. Waters","9","10","1","0","N/A","Bookstore Link",
"30993","GEOC 591-02","M",,"01/16/2023-05/09/2023",,,"1","CLAS","Thesis","Bonnie Frey","10","10","0","0","N/A","Bookstore Link",
"30992","GEOC 591-03","M",,"01/16/2023-05/09/2023",,,"1","CLAS","Thesis","Alexander Gysi","8","10","2","0","N/A","Bookstore Link",
"30114","GEOC 591-04","M",,"01/16/2023-05/09/2023",,,"1","CLAS","Thesis","Virginia T. McLemore","9","10","1","0","N/A","Bookstore Link",
"30115","GEOC 591-05","M",,"01/16/2023-05/09/2023",,,"1","CLAS","Thesis","Nelia Dunbar","10","10","0","0","N/A","Bookstore Link",
"30116","GEOC 591-06","M",,"01/16/2023-05/09/2023",,,"1","CLAS","Thesis","James B. Harrison","10","10","0","0","N/A","Bookstore Link",
"30156","GEOC 591-07","M",,"01/16/2023-05/09/2023",,,"1","CLAS","Thesis","Matthew T. Heizler","10","10","0","0","N/A","Bookstore Link",
"30184","GEOC 591-08","M",,"01/16/2023-05/09/2023",,,"1","CLAS","Thesis","Philip Kyle","10","10","0","0","N/A","Bookstore Link",
"30399","GEOC 591-09","M",,"01/16/2023-05/09/2023",,,"1","CLAS","Thesis","William C. McIntosh","10","10","0","0","N/A","Bookstore Link",
"30994","GEOC 591-10","M",,"01/16/2023-05/09/2023",,,"1","CLAS","Thesis","Nicole C. Hurtig","8","10","2","0","N/A","Bookstore Link",
"30439","GEOC 591-11","M",,"01/16/2023-05/09/2023",,,"1","CLAS","Thesis","Shari A. Kelley","10","10","0","0","N/A","Bookstore Link",
"30611","GEOC 591-12","M",,"01/16/2023-05/09/2023",,,"1","CLAS","Thesis","Matthew Zimmerer","10","10","0","0","N/A","Bookstore Link",
"30617","GEOC 591-13","M",,"01/16/2023-05/09/2023",,,"1","CLAS","Thesis","Daniel S. Jones","10","10","0","0","N/A","Bookstore Link",
"31750","GEOC 591-14","M",,"01/16/2023-05/09/2023",,,"1","CLAS","Thesis","Nels A. Iverson","10","10","0","0","N/A","Bookstore Link",
"30743","GEOC 592-01","M","M","01/16/2023-05/09/2023","1300-1350","MSEC 103","1","CLAS","Graduate Seminar","John Naliboff","3","10","7","0","N/A","Bookstore Link",
"30677","GEOC 593-01","M","F","01/16/2023-05/09/2023","1200-1250","MSEC 195","1","CLAS","Seminar","Mark Person","11","20","9","0","N/A","Bookstore Link",
,,,,,,,,,,"Shari A. Kelley",,,,,,,
"30073","GEOC 595-01","M",,"01/16/2023-05/09/2023",,,"1","CLAS","Dissertation","Alexander Gysi","10","10","0","0","N/A","Bookstore Link",
"30074","GEOC 595-02","M",,"01/16/2023-05/09/2023",,,"1","CLAS","Dissertation","Bonnie Frey","10","10","0","0","N/A","Bookstore Link",
"30075","GEOC 595-03","M",,"01/16/2023-05/09/2023",,,"1","CLAS","Dissertation","Nicole C. Hurtig","10","10","0","0","N/A","Bookstore Link",
"30076","GEOC 595-04","M",,"01/16/2023-05/09/2023",,,"1","CLAS","Dissertation","Shari A. Kelley","10","10","0","0","N/A","Bookstore Link",
"30077","GEOC 595-05","M",,"01/16/2023-05/09/2023",,,"1","CLAS","Dissertation","Nelia Dunbar","10","10","0","0","N/A","Bookstore Link",
"30078","GEOC 595-06","M",,"01/16/2023-05/09/2023",,,"1","CLAS","Dissertation","James B. Harrison","10","10","0","0","N/A","Bookstore Link",
"30157","GEOC 595-07","M",,"01/16/2023-05/09/2023",,,"1","CLAS","Dissertation","Matthew T. Heizler","10","10","0","0","N/A","Bookstore Link",
"30180","GEOC 595-08","M",,"01/16/2023-05/09/2023",,,"1","CLAS","Dissertation","Philip Kyle","10","10","0","0","N/A","Bookstore Link",
"30401","GEOC 595-09","M",,"01/16/2023-05/09/2023",,,"1","CLAS","Dissertation","Laura E. Waters","9","10","1","0","N/A","Bookstore Link",
"30432","GEOC 595-10","M",,"01/16/2023-05/09/2023",,,"1","CLAS","Dissertation","William C. McIntosh","10","10","0","0","N/A","Bookstore Link",
"30618","GEOC 595-11","M",,"01/16/2023-05/09/2023",,,"1","CLAS","Dissertation","Daniel S. Jones","10","10","0","0","N/A","Bookstore Link",
"30690","GEOC 595-12","M",,"01/16/2023-05/09/2023",,,"1","CLAS","Dissertation","Matthew Zimmerer","10","10","0","0","N/A","Bookstore Link",
"31751","GEOC 595-13","M",,"01/16/2023-05/09/2023",,,"1","CLAS","Dissertation","Nels A. Iverson","10","10","0","0","N/A","Bookstore Link",
"31493","GEOL 1190-01","M","M W F","01/16/2023-05/09/2023","1100-1150","MSEC 105","3","CLAS","Geology of the National Parks","Laura E. Waters","26","45","19","0","N/A","Bookstore Link",
,,,,,,,,,,"Kate C. Leary",,,,,,,
"31496","GEOL 1190L-01","M","M","01/16/2023-05/09/2023","1400-1700","MSEC 101","1","CLAS","Geology of the Natl Park Lab","Laura E. Waters","11","20","9","0","$25","Bookstore Link",
,,,,,,,,,,"Kate C. Leary",,,,,,,
"31505","GEOL 1190L-02","M","T","01/16/2023-05/09/2023","1400-1700","MSEC 103","1","CLAS","Geology of the Natl Park Lab","Laura E. Waters","15","20","5","0","$25","Bookstore Link",
,,,,,,,,,,"Kate C. Leary",,,,,,,
"31770","GEOL 200-01","M","T R","01/16/2023-05/09/2023","0930-1045","MSEC 103","3","CLAS","Introduction to Mineralogy","Nicole C. Hurtig","9","25","16","0","N/A","Bookstore Link",
,,,,,,,,,,"Alexander Gysi",,,,,,,
"31771","GEOL 200L-01","M","R","01/16/2023-05/09/2023","1400-1700","MSEC 103","1","CLAS","Introduction to Mineralogy Lab","Nicole C. Hurtig","9","25","16","0","N/A","Bookstore Link",
,,,,,,,,,,"Alexander Gysi",,,,,,,
"31543","GEOL 206-01","M","T R","01/16/2023-05/09/2023","1100-1215","MSEC 195","4","CLAS","Earth History","Daniel S. Jones","17","25","8","0","N/A","Bookstore Link",
"31545","GEOL 206L-01","M","W","01/16/2023-05/09/2023","1400-1650","MSEC 195","0","CLAS","Earth History Lab","Daniel S. Jones","7","15","8","0","N/A","Bookstore Link",
"30961","GEOL 2330-01","M","M W","01/16/2023-05/09/2023","1200-1250","MSEC 195","3","CLAS","Sedimentology, Stratigraphy &","Ryan J. Leary","14","20","6","0","$30","Bookstore Link",
"31054","GEOL 2330L-01","M","M","01/16/2023-05/09/2023","1400-1650","MSEC 209","0","CLAS","Sedimentology, Stratigraphy &","Ryan J. Leary","9","10","1","0","$15","Bookstore Link",
"31055","GEOL 2330L-02","M","W","01/16/2023-05/09/2023","1400-1650","MSEC 209","0","CLAS","Sedimentology, Stratigraphy &","Ryan J. Leary","5","10","5","0","$15","Bookstore Link",
"31509","GEOL 301-01","M","T R","01/16/2023-05/09/2023","1230-1345","BUREAU 111A","4","CLAS","Sedimentology and Stratigraphy","Ryan J. Leary","16","20","4","0","$30","Bookstore Link",
"31552","GEOL 301L-01","M","T","01/16/2023-05/09/2023","1400-1650","MSEC 209","0","CLAS","Sedimentology&Stratigraphy Lab","Ryan J. Leary","16","20","4","0","$25","Bookstore Link",
"31514","GEOL 325-01","M","T R","01/16/2023-05/09/2023","1230-1345","MSEC 195","3","CLAS","Near-Surface Geophysics","Glenn A. Spinelli","22","25","3","0","N/A","Bookstore Link",
"31560","GEOL 325L-01","M","T","01/16/2023-05/09/2023","1400-1700","MSEC 105","0","CLAS","Near-Surface Geophysics Lab","Glenn A. Spinelli","22","25","3","0","$20","Bookstore Link",
"31515","GEOL 340-01","M","M W F","01/16/2023-05/09/2023","0900-0950","JONESA 102","3","CLAS","Glbl Climate Chnge Orig & Impa","Daniel D. Cadol","10","25","15","0","N/A","Bookstore Link",
"31690","GEOL 403-01","M","T R","01/16/2023-05/09/2023","0800-0915","MSEC 105","3","CLAS","Introduction to Soils","James B. Harrison","6","10","4","0","$40","Bookstore Link",
"31691","GEOL 403-01D","DE","T R","01/16/2023-05/09/2023","0800-0915",,"3","CLAS","Introduction to Soils","James B. Harrison","20","20","0","0","$10","Bookstore Link",
"31692","GEOL 403L-01","M","M","01/16/2023-05/09/2023","1400-1700","MSEC 105","0","CLAS","Introduction to Soils Lab","James B. Harrison","14","17","3","0","N/A","Bookstore Link",
"31530","GEOL 412-01","M","T R","01/16/2023-05/09/2023","1100-1215","SPEARE 23","3","CLAS","Geographic Information Systems","Phillip L. Miller","1","10","9","0","$40","Bookstore Link",
"31535","GEOL 412-01D","DE","T R","01/16/2023-05/09/2023","1100-1215","TBA","3","CLAS","Geographic Information Systems","Phillip L. Miller","5","5","0","0","$40","Bookstore Link",
"31534","GEOL 412L-01","M","F","01/16/2023-05/09/2023","1400-1700","CRAMER 127","0","CLAS","Geographic Info. Systems Lab","Phillip L. Miller","2","10","8","0","N/A","Bookstore Link",
"31536","GEOL 412L-01D","DE","F","01/16/2023-05/09/2023","1400-1700","TBA","0","CLAS","Geographic Info. Systems Lab","Phillip L. Miller","4","5","1","0","N/A","Bookstore Link",
"31702","GEOL 414-01","M","M W F","01/16/2023-05/09/2023","1000-1050","MSEC 103","3","CLAS","Vadose Zone Hydrology","Alex J. Rinehart","15","15","0","0","N/A","Bookstore Link",
"31703","GEOL 414-01D","DE","M W F","01/16/2023-05/09/2023","1000-1050",,"3","CLAS","Vadose Zone Hydrology","Alex J. Rinehart","0","0","0","0","N/A","Bookstore Link",
"31561","GEOL 432-01","M",,"01/16/2023-05/09/2023",,"TBA","3","CLAS","Interdisciplinary Field Resear","Veronica B. Prush","0","5","5","0","$75","Bookstore Link",
"31693","GEOL 448-01","M","T R","01/16/2023-05/09/2023","1100-1215","SPEARE 20","3","CLAS","General Geophysics","Susan L. Bilek","11","15","4","0","N/A","Bookstore Link",
"31694","GEOL 460-01","M","M W","01/16/2023-05/09/2023","1100-1150","BUREAU 111A","3","CLAS","Subsurface & Petroleum Geology","Ronald F. Broadhead","6","15","9","0","N/A","Bookstore Link",
"31695","GEOL 460L-01","M","M","01/16/2023-05/09/2023","1400-1700","BUREAU 111A","0","CLAS","Subsurface & Petr Geol Lab","Ronald F. Broadhead","15","15","0","0","$20","Bookstore Link",
"31696","GEOL 460L-02","M","T","01/16/2023-05/09/2023","1400-1700","BUREAU 111A","0","CLAS","Subsurface & Petr Geol Lab","Ronald F. Broadhead","11","20","9","0","N/A","Bookstore Link",
"31697","GEOL 480-01","M","MTWRF","04/17/2023-05/09/2023","0800-2359",,"6","CLAS","Field Methods in Earth Science","Veronica B. Prush","22","25","3","0","$2840","Bookstore Link",
"31567","GEOL 489-01","M","T R","01/16/2023-05/09/2023","0930-1045","MSEC 195","3","CLAS","Special Topics in Engr Geology","Alex J. Rinehart","7","10","3","0","N/A","Bookstore Link",
"31568","GEOL 489-01D","DE","T R","01/16/2023-05/09/2023","0930-1045","WEB-V","3","CLAS","Special Topics in Engr Geology","Alex J. Rinehart","10","10","0","0","N/A","Bookstore Link",
"31600","GEOL 491-01","M",,"01/16/2023-05/09/2023",,,"1","CLAS","Senior Thesis","Susan L. Bilek","10","10","0","0","N/A","Bookstore Link",
"31601","GEOL 491-02","M",,"01/16/2023-05/09/2023",,,"1","CLAS","Senior Thesis","Daniel D. Cadol","10","10","0","0","N/A","Bookstore Link",
"31602","GEOL 491-03","M",,"01/16/2023-05/09/2023",,,"1","CLAS","Senior Thesis","Alexander Gysi","10","10","0","0","N/A","Bookstore Link",
"31603","GEOL 491-04","M",,"01/16/2023-05/09/2023",,,"1","CLAS","Senior Thesis","James B. Harrison","10","10","0","0","N/A","Bookstore Link",
"31604","GEOL 491-05","M",,"01/16/2023-05/09/2023",,,"1","CLAS","Senior Thesis","Matthew T. Heizler","10","10","0","0","N/A","Bookstore Link",
"31605","GEOL 491-06","M",,"01/16/2023-05/09/2023",,,"1","CLAS","Senior Thesis","Nicole C. Hurtig","10","10","0","0","N/A","Bookstore Link",
"31607","GEOL 491-07","M",,"01/16/2023-05/09/2023",,,"1","CLAS","Senior Thesis","Veronica B. Prush","10","10","0","0","N/A","Bookstore Link",
"31608","GEOL 491-08","M",,"01/16/2023-05/09/2023",,,"1","CLAS","Senior Thesis","Kate C. Leary","10","10","0","0","N/A","Bookstore Link",
"31609","GEOL 491-09","M",,"01/16/2023-05/09/2023",,,"1","CLAS","Senior Thesis","Ryan J. Leary","9","10","1","0","N/A","Bookstore Link",
"31610","GEOL 491-10","M",,"01/16/2023-05/09/2023",,,"1","CLAS","Senior Thesis","William C. McIntosh","10","10","0","0","N/A","Bookstore Link",
"31614","GEOL 491-11","M",,"01/16/2023-05/09/2023",,,"1","CLAS","Senior Thesis","Virginia T. McLemore","10","10","0","0","N/A","Bookstore Link",
"31619","GEOL 491-12","M",,"01/16/2023-05/09/2023",,,"1","CLAS","Senior Thesis","Phillip L. Miller","10","10","0","0","N/A","Bookstore Link",
"31620","GEOL 491-13","M",,"01/16/2023-05/09/2023",,,"1","CLAS","Senior Thesis","John Naliboff","9","10","1","0","N/A","Bookstore Link",
"31621","GEOL 491-14","M",,"01/16/2023-05/09/2023",,,"1","CLAS","Senior Thesis","Mark Person","10","10","0","0","N/A","Bookstore Link",
"31623","GEOL 491-15","M",,"01/16/2023-05/09/2023",,,"1","CLAS","Senior Thesis","Alex J. Rinehart","10","10","0","0","N/A","Bookstore Link",
"31625","GEOL 491-16","M",,"01/16/2023-05/09/2023",,,"1","CLAS","Senior Thesis","Veronica B. Prush","9","10","1","0","N/A","Bookstore Link",
"31626","GEOL 491-17","M",,"01/16/2023-05/09/2023",,,"1","CLAS","Senior Thesis","Glenn A. Spinelli","10","10","0","0","N/A","Bookstore Link",
"31627","GEOL 491-18","M",,"01/16/2023-05/09/2023",,,"1","CLAS","Senior Thesis","Jolante W. Van Wijk","10","10","0","0","N/A","Bookstore Link",
"31628","GEOL 491-19","M",,"01/16/2023-05/09/2023",,,"1","CLAS","Senior Thesis","Laura E. Waters","10","10","0","0","N/A","Bookstore Link",
"31629","GEOL 491-20","M",,"01/16/2023-05/09/2023",,,"1","CLAS","Senior Thesis","Matthew Zimmerer","10","10","0","0","N/A","Bookstore Link",
"31516","GEOL 493-01","M","F","01/16/2023-05/09/2023","1200-1250","MSEC 195","1","CLAS","Seminar","Mark Person","8","10","2","0","N/A","Bookstore Link",
,,,,,,,,,,"Shari A. Kelley",,,,,,,
"30079","GEOL 500-01","M",,"01/16/2023-05/09/2023",,,"1","CLAS","Directed Research","Daniel S. Jones","10","10","0","0","N/A","Bookstore Link",
"30080","GEOL 500-02","M",,"01/16/2023-05/09/2023",,,"1","CLAS","Directed Research","Kate C. Leary","9","10","1","0","N/A","Bookstore Link",
"30218","GEOL 500-03","M",,"01/16/2023-05/09/2023",,,"1","CLAS","Directed Research","Alexander Gysi","10","10","0","0","N/A","Bookstore Link",
"30081","GEOL 500-04","M",,"01/16/2023-05/09/2023",,,"1","CLAS","Directed Research","William Chavez","10","10","0","0","N/A","Bookstore Link",
"30082","GEOL 500-05","M",,"01/16/2023-05/09/2023",,,"1","CLAS","Directed Research","Veronica B. Prush","10","10","0","0","N/A","Bookstore Link",
"30083","GEOL 500-06","M",,"01/16/2023-05/09/2023",,,"1","CLAS","Directed Research","James B. Harrison","10","10","0","0","N/A","Bookstore Link",
"30084","GEOL 500-07","M",,"01/16/2023-05/09/2023",,,"1","CLAS","Directed Research","Matthew T. Heizler","10","10","0","0","N/A","Bookstore Link",
"30085","GEOL 500-08","M",,"01/16/2023-05/09/2023",,,"1","CLAS","Directed Research","Nicole C. Hurtig","10","10","0","0","N/A","Bookstore Link",
"30219","GEOL 500-09","M",,"01/16/2023-05/09/2023",,,"1","CLAS","Directed Research","Alex J. Rinehart","10","10","0","0","N/A","Bookstore Link",
"30459","GEOL 500-10","M",,"01/16/2023-05/09/2023",,,"1","CLAS","Directed Research","Laura E. Waters","10","10","0","0","N/A","Bookstore Link",
"30460","GEOL 500-11","M",,"01/16/2023-05/09/2023",,,"1","CLAS","Directed Research","Virgil Lueth","10","10","0","0","N/A","Bookstore Link",
"30464","GEOL 500-12","M",,"01/16/2023-05/09/2023",,,"1","CLAS","Directed Research","Virginia T. McLemore","10","10","0","0","N/A","Bookstore Link",
"30472","GEOL 500-13","M",,"01/16/2023-05/09/2023",,,"1","CLAS","Directed Research","Glenn A. Spinelli","10","10","0","0","N/A","Bookstore Link",
"30476","GEOL 500-14","M",,"01/16/2023-05/09/2023",,,"1","CLAS","Directed Research","Jolante W. Van Wijk","10","10","0","0","N/A","Bookstore Link",
"30598","GEOL 500-15","M",,"01/16/2023-05/09/2023",,,"1","CLAS","Directed Research","Ryan J. Leary","9","10","1","0","N/A","Bookstore Link",
"30612","GEOL 500-16","M",,"01/16/2023-05/09/2023",,,"1","CLAS","Directed Research","Matthew Zimmerer","10","10","0","0","N/A","Bookstore Link",
"30997","GEOL 500-17","M",,"01/16/2023-05/09/2023",,,"1","CLAS","Directed Research","John Naliboff","9","10","1","0","N/A","Bookstore Link",
"30678","GEOL 503-01","M","T R","01/16/2023-05/09/2023","0800-0915","MSEC 105","3","CLAS","Introduction to Soils","James B. Harrison","4","7","3","0","$40","Bookstore Link",
"31701","GEOL 503-01D","DE","T R","01/16/2023-05/09/2023","0800-0915",,"3","CLAS","Introduction to Soils","James B. Harrison","20","20","0","0","N/A","Bookstore Link",
"30977","GEOL 503L-01","M","M","01/16/2023-05/09/2023","1400-1650","MSEC 105","0","CLAS","Intro. to Soils Lab","James B. Harrison","17","20","3","0","N/A","Bookstore Link",
"30978","GEOL 512-01","M","T R","01/16/2023-05/09/2023","1100-1215","SPEARE 23","3","CLAS","Geographic Information Systems","Phillip L. Miller","1","10","9","0","$40","Bookstore Link",
"30979","GEOL 512-01D","DE","T R","01/16/2023-05/09/2023","1100-1215","WEB-V","3","CLAS","Geographic Information Systems","Phillip L. Miller","4","5","1","0","$40","Bookstore Link",
"30980","GEOL 512L-01","M","F","01/16/2023-05/09/2023","1400-1700","CRAMER 127","0","CLAS","Geographic Information Sys Lab","Phillip L. Miller","1","10","9","0","N/A","Bookstore Link",
"30981","GEOL 512L-01D","DE","F","01/16/2023-05/09/2023","1400-1700","WEB-V","0","CLAS","Geographic Information Sys Lab","Phillip L. Miller","4","5","1","0","N/A","Bookstore Link",
"31585","GEOL 532-01","M",,"01/16/2023-05/09/2023",,"TBA","3","CLAS","Interdisciplinary Field Resear","Veronica B. Prush","3","5","2","0","$80","Bookstore Link",
"31768","GEOL 572-01","M","T R","01/16/2023-05/09/2023","0930-1045","MSEC 195","3","CLAS","Special Topics in Engr Geology","Alex J. Rinehart","7","10","3","0","N/A","Bookstore Link",
"31570","GEOL 572-01D","DE","T R","01/16/2023-05/09/2023","0930-1045","MSEC 195","3","CLAS","Special Topics in Engr Geology","Alex J. Rinehart","10","10","0","0","N/A","Bookstore Link",
"31831","GEOL 581-01","M",,"03/20/2023-05/09/2023",,,"1","CLAS","Directed Study","Alexander Gysi","0","1","1","0","N/A","Bookstore Link",
"30982","GEOL 589-01","M","W","01/16/2023-05/09/2023","1100-1350","MSEC 253","3","CLAS","Lithogeochemistry","Alexander Gysi","15","15","0","0","N/A","Bookstore Link",
"30983","GEOL 589-02","M","M","01/16/2023-05/09/2023","1000-1250",,"3","CLAS","Crustal Fluids","Nicole C. Hurtig","4","4","0","0","N/A","Bookstore Link",
"31103","GEOL 589-03","M","T","01/16/2023-05/09/2023","1630-1900","BUREAU 253","3","CLAS","Geol & Econ of Industrial","Virginia T. McLemore","7","10","3","0","N/A","Bookstore Link",
"30095","GEOL 591-01","M",,"01/16/2023-05/09/2023",,,"1","CLAS","Thesis","Alex J. Rinehart","10","10","0","0","N/A","Bookstore Link",
"30096","GEOL 591-02","M",,"01/16/2023-05/09/2023",,,"1","CLAS","Thesis","Kate C. Leary","10","10","0","0","N/A","Bookstore Link",
"30097","GEOL 591-03","M",,"01/16/2023-05/09/2023",,,"1","CLAS","Thesis","Veronica B. Prush","10","10","0","0","N/A","Bookstore Link",
"30098","GEOL 591-04","M",,"01/16/2023-05/09/2023",,,"1","CLAS","Thesis","Alexander Gysi","10","10","0","0","N/A","Bookstore Link",
"30099","GEOL 591-05","M",,"01/16/2023-05/09/2023",,,"1","CLAS","Thesis","William Chavez","10","10","0","0","N/A","Bookstore Link",
"30101","GEOL 591-06","M",,"01/16/2023-05/09/2023",,,"1","CLAS","Thesis","James B. Harrison","10","10","0","0","N/A","Bookstore Link",
"30102","GEOL 591-07","M",,"01/16/2023-05/09/2023",,,"1","CLAS","Thesis","Matthew T. Heizler","9","10","1","0","N/A","Bookstore Link",
"30103","GEOL 591-08","M",,"01/16/2023-05/09/2023",,,"1","CLAS","Thesis","Nicole C. Hurtig","9","10","1","0","N/A","Bookstore Link",
"30229","GEOL 591-09","M",,"01/16/2023-05/09/2023",,,"1","CLAS","Thesis","Laura E. Waters","10","10","0","0","N/A","Bookstore Link",
"30328","GEOL 591-10","M",,"01/16/2023-05/09/2023",,,"1","CLAS","Thesis","Virgil Lueth","10","10","0","0","N/A","Bookstore Link",
"30408","GEOL 591-11","M",,"01/16/2023-05/09/2023",,,"1","CLAS","Thesis","Virginia T. McLemore","10","10","0","0","N/A","Bookstore Link",
"30473","GEOL 591-12","M",,"01/16/2023-05/09/2023",,,"1","CLAS","Thesis","Glenn A. Spinelli","10","10","0","0","N/A","Bookstore Link",
"30477","GEOL 591-13","M",,"01/16/2023-05/09/2023",,,"1","CLAS","Thesis","Jolante W. Van Wijk","10","10","0","0","N/A","Bookstore Link",
"30515","GEOL 591-14","M",,"01/16/2023-05/09/2023",,,"1","CLAS","Thesis","John Naliboff","10","10","0","0","N/A","Bookstore Link",
"30600","GEOL 591-15","M",,"01/16/2023-05/09/2023",,,"1","CLAS","Thesis","Ryan J. Leary","10","10","0","0","N/A","Bookstore Link",
"30614","GEOL 591-16","M",,"01/16/2023-05/09/2023",,,"1","CLAS","Thesis","Matthew Zimmerer","10","10","0","0","N/A","Bookstore Link",
"30620","GEOL 591-17","M",,"01/16/2023-05/09/2023",,,"1","CLAS","Thesis","Daniel S. Jones","10","10","0","0","N/A","Bookstore Link",
"31740","GEOL 592-01","M","M","01/16/2023-05/09/2023","1300-1350","MSEC 103","1","CLAS","Graduate Seminar","John Naliboff","5","10","5","0","N/A","Bookstore Link",
,,,,,,,,,,"Mark Person",,,,,,,
"30104","GEOL 595-01","M",,"01/16/2023-05/09/2023",,,"1","CLAS","Dissertation","William Chavez","10","10","0","0","N/A","Bookstore Link",
"30105","GEOL 595-02","M",,"01/16/2023-05/09/2023",,,"1","CLAS","Dissertation","Kate C. Leary","10","10","0","0","N/A","Bookstore Link",
"30106","GEOL 595-03","M",,"01/16/2023-05/09/2023",,,"1","CLAS","Dissertation","Alexander Gysi","10","10","0","0","N/A","Bookstore Link",
"30108","GEOL 595-04","M",,"01/16/2023-05/09/2023",,,"1","CLAS","Dissertation","James B. Harrison","10","10","0","0","N/A","Bookstore Link",
"30183","GEOL 595-05","M",,"01/16/2023-05/09/2023",,,"1","CLAS","Dissertation","Matthew T. Heizler","9","10","1","0","N/A","Bookstore Link",
"30109","GEOL 595-06","M",,"01/16/2023-05/09/2023",,,"1","CLAS","Dissertation","Nicole C. Hurtig","10","10","0","0","N/A","Bookstore Link",
"30110","GEOL 595-07","M",,"01/16/2023-05/09/2023",,,"1","CLAS","Dissertation","Virgil Lueth","10","10","0","0","N/A","Bookstore Link",
"30111","GEOL 595-08","M",,"01/16/2023-05/09/2023",,,"1","CLAS","Dissertation","Virginia T. McLemore","10","10","0","0","N/A","Bookstore Link",
"30329","GEOL 595-09","M",,"01/16/2023-05/09/2023",,,"1","CLAS","Dissertation","Veronica B. Prush","10","10","0","0","N/A","Bookstore Link",
"30409","GEOL 595-10","M",,"01/16/2023-05/09/2023",,,"1","CLAS","Dissertation","Alex J. Rinehart","10","10","0","0","N/A","Bookstore Link",
"30474","GEOL 595-11","M",,"01/16/2023-05/09/2023",,,"1","CLAS","Dissertation","Glenn A. Spinelli","10","10","0","0","N/A","Bookstore Link",
"30478","GEOL 595-12","M",,"01/16/2023-05/09/2023",,,"1","CLAS","Dissertation","Jolante W. Van Wijk","9","10","1","0","N/A","Bookstore Link",
"30516","GEOL 595-13","M",,"01/16/2023-05/09/2023",,,"1","CLAS","Dissertation","Laura E. Waters","10","10","0","0","N/A","Bookstore Link",
"30601","GEOL 595-14","M",,"01/16/2023-05/09/2023",,,"1","CLAS","Dissertation","Ryan J. Leary","10","10","0","0","N/A","Bookstore Link",
"30621","GEOL 595-15","M",,"01/16/2023-05/09/2023",,,"1","CLAS","Dissertation","Daniel S. Jones","10","10","0","0","N/A","Bookstore Link",
"30689","GEOL 595-16","M",,"01/16/2023-05/09/2023",,,"1","CLAS","Dissertation","Matthew Zimmerer","10","10","0","0","N/A","Bookstore Link",
"31000","GEOL 595-17","M",,"01/16/2023-05/09/2023",,,"1","CLAS","Dissertation","John Naliboff","10","10","0","0","N/A","Bookstore Link",
"30112","GEOP 500-01","M",,"01/16/2023-05/09/2023",,,"1","CLAS","Directed Research","Robert Balch","10","10","0","0","N/A","Bookstore Link",
"30263","GEOP 500-02","M",,"01/16/2023-05/09/2023",,,"1","CLAS","Directed Research","Susan L. Bilek","8","10","2","0","N/A","Bookstore Link",
"30397","GEOP 500-03","M",,"01/16/2023-05/09/2023",,,"1","CLAS","Directed Research","Glenn A. Spinelli","10","10","0","0","N/A","Bookstore Link",
"30442","GEOP 500-04","M",,"01/16/2023-05/09/2023",,,"1","CLAS","Directed Research","Jolante W. Van Wijk","9","10","1","0","N/A","Bookstore Link",
"30986","GEOP 500-05","M",,"01/16/2023-05/09/2023",,,"1","CLAS","Directed Research","John Naliboff","8","10","2","0","N/A","Bookstore Link",
"31520","GEOP 500-06","M",,"01/16/2023-05/09/2023",,,"1","CLAS","Directed Research","Alex J. Rinehart","10","10","0","0","N/A","Bookstore Link",
"31521","GEOP 500-07","M",,"01/16/2023-05/09/2023",,,"1","CLAS","Directed Research","Veronica B. Prush","10","10","0","0","N/A","Bookstore Link",
"31106","GEOP 589-01","M","M","01/16/2023-05/09/2023","0900-0950","JONES 227","1","CLAS","Topics in Cmputatnl Geophysics","John Naliboff","13","15","2","0","N/A","Bookstore Link",
"30113","GEOP 591-01","M",,"01/16/2023-05/09/2023",,,"1","CLAS","Thesis","Robert Balch","10","10","0","0","N/A","Bookstore Link",
"30273","GEOP 591-02","M",,"01/16/2023-05/09/2023",,,"1","CLAS","Thesis","Susan L. Bilek","10","10","0","0","N/A","Bookstore Link",
"30402","GEOP 591-03","M",,"01/16/2023-05/09/2023",,,"1","CLAS","Thesis","Glenn A. Spinelli","8","10","2","0","N/A","Bookstore Link",
"30444","GEOP 591-04","M",,"01/16/2023-05/09/2023",,,"1","CLAS","Thesis","Jolante W. Van Wijk","9","10","1","0","N/A","Bookstore Link",
"30989","GEOP 591-05","M",,"01/16/2023-05/09/2023",,,"1","CLAS","Thesis","John Naliboff","10","10","0","0","N/A","Bookstore Link",
"31522","GEOP 591-06","M",,"01/16/2023-05/09/2023",,,"1","CLAS","Thesis","Alex J. Rinehart","10","10","0","0","N/A","Bookstore Link",
"31523","GEOP 591-07","M",,"01/16/2023-05/09/2023",,,"1","CLAS","Thesis","Veronica B. Prush","10","10","0","0","N/A","Bookstore Link",
"30987","GEOP 592-01","M","M","01/16/2023-05/09/2023","1300-1350","MSEC 103","1","CLAS","Graduate Seminar","John Naliboff","4","10","6","0","N/A","Bookstore Link",
"30988","GEOP 593-01","M","F","01/16/2023-05/09/2023","1200-1250","MSEC 195","1","CLAS","Seminar","Mark Person","3","10","7","0","N/A","Bookstore Link",
,,,,,,,,,,"Shari A. Kelley",,,,,,,
"30201","GEOP 595-01","M",,"01/16/2023-05/09/2023",,,"1","CLAS","Dissertation","Robert Balch","10","10","0","0","N/A","Bookstore Link",
